,link,name
0,http://brightoutdoor.com/wp-content/uploads/2013/12/Andheri-INTERNATIONAL-AIRPORT-premises-twrds-EXIT-ET-ILL-30-x-20.jpg,1_O51912_thumb_front.jpg
1,http://brightoutdoor.com/wp-content/uploads/2013/12/Andheri-INTERNATIONAL-AIRPORT-premises-twrds-EXIT-ET-ILL-80-x-20.jpg,1_O51913_thumb_front.jpg
2,http://brightoutdoor.com/wp-content/uploads/2013/12/Andheri-INTERNATIONAL-AIRPORT-facing-AIRPORT-ET-IIL-10-x-20.jpg,1_O51914_thumb_front.jpg
3,http://brightoutdoor.com/wp-content/uploads/2013/12/Andheri-INTERNATIONAL-AIRPORT-facing-AIRPORT-ET-IIL-30-x-20.jpg,1_O51915_thumb_front.jpg
4,http://brightoutdoor.com/wp-content/uploads/2013/12/Andheri-Shashtri-Nagar-opp.-Barista-circle-Gr-40X40.jpg,1_O51916_thumb_front.jpg
5,http://brightoutdoor.com/wp-content/uploads/2013/12/Andheri-Shashtri-Nagar-opp.-Barista-L.H.S-ET-ILL-30-x-20.jpg,1_O51917_thumb_front.jpg
6,http://brightoutdoor.com/wp-content/uploads/2013/12/Andheri-Shashtri-Nagar-opp.-Barista-R.H.S.-ET-ILL-30-x-20.jpg,1_O51918_thumb_front.jpg
7,http://brightoutdoor.com/wp-content/uploads/2013/12/Andheri-SV.-Road-NEAR-JP-RD-junction-ET-NL-20-x-20.jpg,1_O51919_thumb_front.jpg
8,http://brightoutdoor.com/wp-content/uploads/2013/12/ANDHERI-CHITRAKOOT-1-ET-40X42.jpg,1_O51920_thumb_front.jpg
9,http://brightoutdoor.com/wp-content/uploads/2013/12/ANDHERI-CINEMAX-40X20.jpg,1_O51921_thumb_front.jpg
10,http://brightoutdoor.com/wp-content/uploads/2013/12/Andheri-D.N.-Nagar-Next-To-Indian-Oil-1st-MT-LO-ILL-40-x-20.jpg,1_O51922_thumb_front.jpg
11,http://brightoutdoor.com/wp-content/uploads/2013/12/Andheri-D.N.-Nagar-Next-To-Indian-Oil-1st-MT-UP-ILL-40-x-20.jpg,1_O51923_thumb_front.jpg
12,http://brightoutdoor.com/wp-content/uploads/2013/12/Andheri-HighwayAirport-RD-INDULKARWADI-MT-ILL-20-x-20.jpg,1_O51924_thumb_front.jpg
13,http://brightoutdoor.com/wp-content/uploads/2013/12/Andheri-INTERNATIONAL-AIRPORT-facing-AIRPORT-ET-IIL-10-x-201.jpg,1_O51925_thumb_front.jpg
14,http://brightoutdoor.com/wp-content/uploads/2013/12/Andheri-INTERNATIONAL-AIRPORT-facing-AIRPORT-ET-IIL-25-x-20.jpg,1_O51926_thumb_front.jpg
15,http://brightoutdoor.com/wp-content/uploads/2013/12/Andheri-INTERNATIONAL-AIRPORT-facing-AIRPORT-ET-IIL-30-x-201.jpg,1_O51927_thumb_front.jpg
16,http://brightoutdoor.com/wp-content/uploads/2013/12/Andheri-INTERNATIONAL-AIRPORT-facing-AIRPORT-ET-IIL-40-x-20.jpg,1_O51928_thumb_front.jpg
17,http://brightoutdoor.com/wp-content/uploads/2013/12/Andheri-INTERNATIONAL-AIRPORT-facing-AIRPORT-ET-IIL-60-x-20.jpg,1_O51929_thumb_front.jpg
18,http://brightoutdoor.com/wp-content/uploads/2013/12/Andheri-INTERNATIONAL-AIRPORT-facing-AIRPORT-ET-IIL-120-x-20.jpg,1_O51930_thumb_front.jpg
19,http://brightoutdoor.com/wp-content/uploads/2013/12/Andheri-INTERNATIONAL-AIRPORT-facing-AIRPORT-ET-ILL-60-x-20.jpg,1_O51931_thumb_front.jpg
20,http://brightoutdoor.com/wp-content/uploads/2013/12/Andheri-INTERNATIONAL-AIRPORT-Going-twrds-DEPARTURE-ET-IIL-185-x-14.jpg,1_O51932_thumb_front.jpg
21,http://brightoutdoor.com/wp-content/uploads/2013/12/Andheri-INTERNATIONAL-AIRPORT-Going-twrds-DEPARTURE-MT-IIL-185-x-14.jpg,1_O51933_thumb_front.jpg
22,http://brightoutdoor.com/wp-content/uploads/2013/12/Andheri-INTERNATIONAL-AIRPORT-Going-twrds-DEPARTURE-MT-ILL-40-x-20.jpg,1_O51934_thumb_front.jpg
23,http://brightoutdoor.com/wp-content/uploads/2013/12/Andheri-INTERNATIONAL-AIRPORT-Going-twrds-DEPARTURE-RHS-MT-IIL-90-x-20.jpg,1_O51935_thumb_front.jpg
24,http://brightoutdoor.com/wp-content/uploads/2013/12/Andheri-INTERNATIONAL-AIRPORT-premises-towards-EXIT-ET-ILL-80-x-20.jpg,1_O51936_thumb_front.jpg
25,http://brightoutdoor.com/wp-content/uploads/2013/12/Andheri-INTERNATIONAL-AIRPORT-premises-twrds-EXIT-ET-ILL-40-x-20.jpg,1_O51937_thumb_front.jpg
26,http://brightoutdoor.com/wp-content/uploads/2013/12/Andheri-INTERNATIONAL-AIRPORT-premises-twrds-EXIT-ET-ILL-40-x-30.jpg,1_O51938_thumb_front.jpg
27,http://brightoutdoor.com/wp-content/uploads/2013/12/Andheri-INTERNATIONAL-AIRPORT-premises-twrds-EXIT-ET-ILL-60-x-20.jpg,1_O51939_thumb_front.jpg
28,http://brightoutdoor.com/wp-content/uploads/2013/12/Andheri-INTERNATIONAL-AIRPORT-premises-twrds-EXIT-ET-ILL-80-x-201.jpg,1_O51940_thumb_front.jpg
29,http://brightoutdoor.com/wp-content/uploads/2013/12/Andheri-INTERNATIONAL-AIRPORT-premises-twrds-EXIT-ET-NL-40-x-08.jpg,1_O51941_thumb_front.jpg
30,http://brightoutdoor.com/wp-content/uploads/2013/12/Andheri-INTERNATIONAL-AIRPORT-premises-twrds-EXIT-DOWN-ET-ILL-20x-25.jpg,1_O51942_thumb_front.jpg
31,http://brightoutdoor.com/wp-content/uploads/2013/12/Andheri-INTERNATIONAL-AIRPORT-premises-twrds-EXIT-MIDDLE-ET-IIL-20-x-25.jpg,1_O51943_thumb_front.jpg
32,http://brightoutdoor.com/wp-content/uploads/2013/12/Andheri-INTERNATIONAL-AIRPORT-premises-twrds-EXIT-MIDDLE-ET-IIL-80-x-20.jpg,1_O51944_thumb_front.jpg
33,http://brightoutdoor.com/wp-content/uploads/2013/12/Andheri-INTERNATIONAL-AIRPORT-premises-twrds-EXIT-MT-IIL-50-x-14.jpg,1_O51945_thumb_front.jpg
34,http://brightoutdoor.com/wp-content/uploads/2013/12/Andheri-INTERNATIONAL-AIRPORT-premises-twrds-EXIT-MT-IIL-50-x-20.jpg,1_O51946_thumb_front.jpg
35,http://brightoutdoor.com/wp-content/uploads/2013/12/Andheri-INTERNATIONAL-AIRPORT-premises-twrds-EXIT-RHS-ET-IIL-50-x-20.jpg,1_O51947_thumb_front.jpg
36,http://brightoutdoor.com/wp-content/uploads/2013/12/Andheri-Jog-Flyover-RHS-ET-ILL-40-x-41.jpg,1_O51948_thumb_front.jpg
37,http://brightoutdoor.com/wp-content/uploads/2013/12/Andheri-Jog-Flyover-s-ET-ILL-40-x-20.jpg,1_O51949_thumb_front.jpg
38,http://brightoutdoor.com/wp-content/uploads/2013/12/Andheri-JVPD-circle-Mobile-Van-ET-ILL-41-X-10.jpg,1_O51950_thumb_front.jpg
39,http://brightoutdoor.com/wp-content/uploads/2013/12/Andheri-Link-Road-Nr.-Fame-Adlabs-V-ET-NL-20-x-60.jpg,1_O51951_thumb_front.jpg
40,http://brightoutdoor.com/wp-content/uploads/2013/12/Andheri-Link-Road-Chitrakut-4-ET-ILL-40-x-42.jpg,1_O51952_thumb_front.jpg
41,http://brightoutdoor.com/wp-content/uploads/2013/12/Andheri-Link-Road-Chitrakut-5-ET-ILL-40-x-42.jpg,1_O51953_thumb_front.jpg
42,http://brightoutdoor.com/wp-content/uploads/2013/12/Andheri-Link-Road-Chitrakut-5-MT-ILL-40-x-42.jpg,1_O51954_thumb_front.jpg
43,http://brightoutdoor.com/wp-content/uploads/2013/12/Andheri-Link-Road-Chitrakut-1-MT-ILL-40-x-42.jpg,1_O51955_thumb_front.jpg
44,http://brightoutdoor.com/wp-content/uploads/2013/12/Andheri-Link-Road-Chitrakut-2-ET-ILL-40-x-42.jpg,1_O51956_thumb_front.jpg
45,http://brightoutdoor.com/wp-content/uploads/2013/12/Andheri-Link-Road-Chitrakut-2-MT-ILL-40-x-42.jpg,1_O51957_thumb_front.jpg
46,http://brightoutdoor.com/wp-content/uploads/2013/12/Andheri-Link-Road-Chitrakut-3-ET-ILL-40-x-42.jpg,1_O51958_thumb_front.jpg
47,http://brightoutdoor.com/wp-content/uploads/2013/12/Andheri-Link-Road-Chitrakut-3-MT-ILL-40-x-42.jpg,1_O51959_thumb_front.jpg
48,http://brightoutdoor.com/wp-content/uploads/2013/12/Andheri-Link-Road-Chitrakut-4-MT-ILL-40-x-42.jpg,1_O51960_thumb_front.jpg
49,http://brightoutdoor.com/wp-content/uploads/2013/12/Andheri-Link-Road-Chitrakut-6-ET-ILL-40-x-42.jpg,1_O51961_thumb_front.jpg
50,http://brightoutdoor.com/wp-content/uploads/2013/12/Andheri-Link-Road-Chitrakut-6-MT-ILL-40-x-42.jpg,1_O51962_thumb_front.jpg
51,http://brightoutdoor.com/wp-content/uploads/2013/12/Andheri-Link-Road-nera-KUBER-Junction-Before-pebbles-ET-NL-30-x-20.jpg,1_O51963_thumb_front.jpg
52,http://brightoutdoor.com/wp-content/uploads/2013/12/Andheri-Link-Road-Nr.-Papillon-Park-opp-star-bazar-MT-ILL-40-x-20.jpg,1_O51964_thumb_front.jpg
53,http://brightoutdoor.com/wp-content/uploads/2013/12/Andheri-Link-Road-Nr.-Papillon-Park-opp-star-bazar-ET-ILL-40-x-40.jpg,1_O51965_thumb_front.jpg
54,http://brightoutdoor.com/wp-content/uploads/2013/12/Andheri-Link-Road-Nr.-Papillon-Park-opp-star-bazar-ET-LO-ILL-40-x-20.jpg,1_O51966_thumb_front.jpg
55,http://brightoutdoor.com/wp-content/uploads/2013/12/Andheri-Link-Road-Nr.-Papillon-Park-opp-star-bazar-ET-UP-40X20.jpg,1_O51967_thumb_front.jpg
56,http://brightoutdoor.com/wp-content/uploads/2013/12/Andheri-Lokhandwala-Bridge-Fcg-Barista-lower-ET-NL-40-x-20.jpg,1_O51968_thumb_front.jpg
57,http://brightoutdoor.com/wp-content/uploads/2013/12/Andheri-Lokhandwala-Bridge-Fcg-Lokhandwala-lower-MT-NL-40-x-20.jpg,1_O51969_thumb_front.jpg
58,http://brightoutdoor.com/wp-content/uploads/2013/12/Andheri-Lokhandwala-Bridge-Fcg-Lokhandwala-upper-MT-NL-40-x-20.jpg,1_O51970_thumb_front.jpg
59,http://brightoutdoor.com/wp-content/uploads/2013/12/Andheri-Lokhandwala-Bridge-Nr-Celebration-Club-Enterence-1-MT-NL-40-x-40.jpg,1_O51971_thumb_front.jpg
60,http://brightoutdoor.com/wp-content/uploads/2013/12/Andheri-Lokhandwala-Bridge-Nr-Celebration-Club-Fcg-Barista-2-MT-NL-40-x-40.jpg,1_O51972_thumb_front.jpg
61,http://brightoutdoor.com/wp-content/uploads/2013/12/Andheri-Lokhandwala-Bridge-Nr-Celebration-Club-Fcg-Barista-2-ET-NL-40-x-42.jpg,1_O51973_thumb_front.jpg
62,http://brightoutdoor.com/wp-content/uploads/2013/12/Andheri-Lokhandwala-Bridge-Nr-Celebration-Club-Fcg-Barista-3-ET-NL-40-x-42.jpg,1_O51974_thumb_front.jpg
63,http://brightoutdoor.com/wp-content/uploads/2013/12/Andheri-Lokhandwala-Bridge-Nr-Celebration-Club-Fcg-Barista-Lower-1-ET-NL-40-x-20.jpg,1_O51975_thumb_front.jpg
64,http://brightoutdoor.com/wp-content/uploads/2013/12/Andheri-Lokhandwala-Bridge-Nr-Celebration-Club-Fcg-Barista-Upper-1-ET-NL-40-x-20.jpg,1_O51976_thumb_front.jpg
65,http://brightoutdoor.com/wp-content/uploads/2013/12/Andheri-Lokhandwala-RTO-Road-ET-NL-50-x-20.jpg,1_O51977_thumb_front.jpg
66,http://brightoutdoor.com/wp-content/uploads/2013/12/ANDHERI-LOKHANDWALA-UP-40X20.jpg,1_O51978_thumb_front.jpg
67,http://brightoutdoor.com/wp-content/uploads/2013/12/Andheri-Nr.-Lokhandwala-bridge-s-ET-ILL-40-x-20.jpg,1_O51979_thumb_front.jpg
68,http://brightoutdoor.com/wp-content/uploads/2013/12/Andheri-Powai-Opp.-IIT-Hiranandani-ET-NL-30-x-20.jpg,1_O51980_thumb_front.jpg
69,http://brightoutdoor.com/wp-content/uploads/2013/12/Andheri-ROB-trf-going-towards-Highway-Rhs-Telli-gully-JN.-MT-ILL-40-X-40.jpg,1_O51981_thumb_front.jpg
70,http://brightoutdoor.com/wp-content/uploads/2013/12/Andheri-S-V-Rd-ET-NL-20-x-20.jpg,1_O51982_thumb_front.jpg
71,http://brightoutdoor.com/wp-content/uploads/2013/12/Andheri-S-V-Rd-MT-NL-20-x-20.jpg,1_O51983_thumb_front.jpg
72,http://brightoutdoor.com/wp-content/uploads/2013/12/Andheri-S-V-Rd-1st-side-ET-NL-30-x-20.jpg,1_O51984_thumb_front.jpg
73,http://brightoutdoor.com/wp-content/uploads/2013/12/Andheri-S-V-Rd-After-subway-LHS-MT-NL-20-x-20.jpg,1_O51985_thumb_front.jpg
74,http://brightoutdoor.com/wp-content/uploads/2013/12/Andheri-Saki-Naka-Trf-from-Powai-to-Andheri-MT-ILL-40-x-20.jpg,1_O51986_thumb_front.jpg
75,http://brightoutdoor.com/wp-content/uploads/2013/12/Andheri-Shashtri-Nagar-fcng-Bridge-Vertical-MT-NL-13-x-40.jpg,1_O51987_thumb_front.jpg
76,http://brightoutdoor.com/wp-content/uploads/2013/12/Andheri-Shashtri-Nagar-opp.-Barista-Vertical-ET-NL-13-x-40.jpg,1_O51988_thumb_front.jpg
77,http://brightoutdoor.com/wp-content/uploads/2013/12/Andheri-Shashtri-Nagar-opp.-Barista-circle-Upper-ET-ILL-40-x-20.jpg,1_O51989_thumb_front.jpg
78,http://brightoutdoor.com/wp-content/uploads/2013/12/Andheri-SV-Road-opp-Station-ABOVE-SHOPPERS-POINT-ANY-NL-40-x-20.jpg,1_O51990_thumb_front.jpg
79,http://brightoutdoor.com/wp-content/uploads/2013/12/Andheri-WEH-TRF-GOING-TOWARDS-SAHAR-INTERNATIONAL-AIRPORT-MT-ILL-20-X-20.jpg,1_O51991_thumb_front.jpg
80,http://brightoutdoor.com/wp-content/uploads/2013/12/Andheri-Gold-Spot-WEH-Andheri-Jog-HUL-Jn-towards-ROB-ET-ILL-40-x-40.jpg,1_O51992_thumb_front.jpg
81,http://brightoutdoor.com/wp-content/uploads/2013/12/Andheri-Gold-spot-junction-highway-to-flyover-ET-ILL-20-x-20.jpg,1_O51993_thumb_front.jpg
82,http://brightoutdoor.com/wp-content/uploads/2013/12/Andheri-HighwayAirport-RD-INDULKARWADI-ET-ILL-30-x-20.jpg,1_O51994_thumb_front.jpg
83,http://brightoutdoor.com/wp-content/uploads/2013/12/Andheri-Jog-Flyover-Above-Police-Chowki-RHS-MT-ILL-40-x-42.jpg,1_O51995_thumb_front.jpg
84,http://brightoutdoor.com/wp-content/uploads/2013/12/Andheri-JOG-FLYOVER-trf-Goin-Twds-MALAD-LHS-1st-ET-ILL-40-x-40.jpg,1_O51996_thumb_front.jpg
85,http://brightoutdoor.com/wp-content/uploads/2013/12/Andheri-JOG-FLYOVER-trf-Goin-Twds-MALAD-LHS-2nd-ET-ILL-40-x-40.jpg,1_O51997_thumb_front.jpg
86,http://brightoutdoor.com/wp-content/uploads/2013/12/Andheri-JOG-FLYOVER-trf-Goin-Twds-Vile-Parle-MT-ILL-40-x-40.jpg,1_O51998_thumb_front.jpg
87,http://brightoutdoor.com/wp-content/uploads/2013/12/Andheri-Jog-flyover-WEH-L.H.S.-MT-ILL-40-x-20.jpg,1_O51999_thumb_front.jpg
88,http://brightoutdoor.com/wp-content/uploads/2013/12/Andheri-Jog-flyover-WEH-R.H.S-ET-ILL-40-x-20.jpg,1_O52000_thumb_front.jpg
89,http://brightoutdoor.com/wp-content/uploads/2013/12/Andheri-JVPD-circle-R.H.S-MT-ILL-40-x-40.jpg,1_O52001_thumb_front.jpg
90,http://brightoutdoor.com/wp-content/uploads/2013/12/Andheri-JVPD-circle-R.H.S-UPPER-MT-ILL-40-x-20.jpg,1_O52002_thumb_front.jpg
91,http://brightoutdoor.com/wp-content/uploads/2013/12/Andheri-JVPD-circle-RHS-Near-Bus-depot-Trf.-Towards-JVPD-40X40.jpg,1_O52003_thumb_front.jpg
92,http://brightoutdoor.com/wp-content/uploads/2013/12/Andheri-JVPD-circle-RHS-Near-Bus-depot-Trf.-Towards-JVPD-ET-ILL-40-x-42.jpg,1_O52004_thumb_front.jpg
93,http://brightoutdoor.com/wp-content/uploads/2013/12/Andheri-JVPD-circle-Trf.-To-Juhu-L.H.S-MT-ILL-40-x-41.jpg,1_O52005_thumb_front.jpg
94,http://brightoutdoor.com/wp-content/uploads/2013/12/Andheri-JVPD-circle-Trf.-To-Juhu-L.H.S-Vertical-MT-ILL-20-x-40.jpg,1_O52006_thumb_front.jpg
95,http://brightoutdoor.com/wp-content/uploads/2013/12/Andheri-JVPD-circle-Trf.-To-Juhu-LOWER-R.H.S-MT-ILL-40-x-20.jpg,1_O52007_thumb_front.jpg
96,http://brightoutdoor.com/wp-content/uploads/2013/12/Andheri-Near-Regency-Hotel-Tf.-to-Highway-MT-ILL-40-x-36.jpg,1_O52008_thumb_front.jpg
97,http://brightoutdoor.com/wp-content/uploads/2013/12/Andheri-ROB-FLY.-WEST-TO-EAST-L.H.S-MT-ILL-30-x-20.jpg,1_O52009_thumb_front.jpg
98,http://brightoutdoor.com/wp-content/uploads/2013/12/Bandra-W-S.V.-Rd-Going-towards-Town-LOWER-MT-NL-20-x-10.jpg,1_O52010_thumb_front.jpg
99,http://brightoutdoor.com/wp-content/uploads/2013/12/Bandra-W-Nr-Flyover-Fcg.-Causeway-Junct-Upper-ET-ILL-30-x-20.jpg,1_O52011_thumb_front.jpg
100,http://brightoutdoor.com/wp-content/uploads/2013/12/Bandra-W-S.V.-Raod-Talav-Near-SAGA-down-ET-ILL-20-x-20.jpg,1_O52012_thumb_front.jpg
101,http://brightoutdoor.com/wp-content/uploads/2013/12/Bandra-W-S.V.-Rd-Going-towards-Khar-ET-20-x-10.jpg,1_O52013_thumb_front.jpg
102,http://brightoutdoor.com/wp-content/uploads/2013/12/Bandra-W-S.V.-Rd-Going-towards-Khar-ET-NL-20-x-10.jpg,1_O52014_thumb_front.jpg
103,http://brightoutdoor.com/wp-content/uploads/2013/12/Bandra-W-S.V.-Rd-Going-towards-Town-MT-NL-20-x-10.jpg,1_O52015_thumb_front.jpg
104,http://brightoutdoor.com/wp-content/uploads/2013/12/Bandra-W-S.V.-Rd-Going-towards-Town-MT-NL-20-x-20.jpg,1_O52016_thumb_front.jpg
105,http://brightoutdoor.com/wp-content/uploads/2013/12/BANDRA-W-OPP.-TALAO-MT-ILL-20-x-20.jpg,1_O52017_thumb_front.jpg
106,http://brightoutdoor.com/wp-content/uploads/2013/12/BANDRA-W-OPP.-TALAO-1-MT-ILL-30-x-20.jpg,1_O52018_thumb_front.jpg
107,http://brightoutdoor.com/wp-content/uploads/2013/12/BANDRA-W-OPP.-TALAO-2-MT-ILL-30-x-20.jpg,1_O52019_thumb_front.jpg
108,http://brightoutdoor.com/wp-content/uploads/2013/12/BANDRA-CIRCULATING-40-X-20.jpg,1_O52020_thumb_front.jpg
109,http://brightoutdoor.com/wp-content/uploads/2013/12/Bandra-E-Thakeray-Bridge-2nd-MT-ILL-41-x-41.jpg,1_O52021_thumb_front.jpg
110,http://brightoutdoor.com/wp-content/uploads/2013/12/Bandra-E-Thakeray-Bridge-1ST-SITE-ET-ILL-40-x-42.jpg,1_O52022_thumb_front.jpg
111,http://brightoutdoor.com/wp-content/uploads/2013/12/Bandra-E-Thakeray-Bridge-2nd-SITE-ET-ILL-40-x-42.jpg,1_O52023_thumb_front.jpg
112,http://brightoutdoor.com/wp-content/uploads/2013/12/Bandra-Kalanagar-Trf-coming-frm-BKC-towards-Suburbs-193-x-11.jpg,1_O52024_thumb_front.jpg
113,http://brightoutdoor.com/wp-content/uploads/2013/12/BANDRA-LINKING-ROAD-OPP-NIKE-SHOWROOM-ET-ILL-15-x-20.jpg,1_O52025_thumb_front.jpg
114,http://brightoutdoor.com/wp-content/uploads/2013/12/BANDRA-S-V-RD-20X20.jpg,1_O52026_thumb_front.jpg
115,http://brightoutdoor.com/wp-content/uploads/2013/12/Bandra-S.V.Road-Opp.-Bandra-Masjid-ET-ILL-20-x-20.jpg,1_O52027_thumb_front.jpg
116,http://brightoutdoor.com/wp-content/uploads/2013/12/BANDRA-THACKERY-1st-MT-41X41.jpg,1_O52028_thumb_front.jpg
117,http://brightoutdoor.com/wp-content/uploads/2013/12/BANDRA-W-FLYOVER-30X20.jpg,1_O52029_thumb_front.jpg
118,http://brightoutdoor.com/wp-content/uploads/2013/12/BANDRA-W-LINKING-RD-OPP-MCDONALD-RHS-MT-ILL-10-x-20.jpg,1_O52030_thumb_front.jpg
119,http://brightoutdoor.com/wp-content/uploads/2013/12/Borivali-W-S.V.-Rd-Facing-Opp-Bhaaji-Market-R.H.S-Any-NL-40-x-20.jpg,1_O52031_thumb_front.jpg
120,http://brightoutdoor.com/wp-content/uploads/2013/12/Borivali-E-Cater-Rd.-Any-NL-30-x-20.jpg,1_O52032_thumb_front.jpg
121,http://brightoutdoor.com/wp-content/uploads/2013/12/Borivali-E-Cater-Rd.-Any-NL-60-x-10.jpg,1_O52033_thumb_front.jpg
122,http://brightoutdoor.com/wp-content/uploads/2013/12/Borivali-w-facing-sv-rd-Long-Visibility-NEAR-WATER-TANK-ET-NL-41-x-20.jpg,1_O52034_thumb_front.jpg
123,http://brightoutdoor.com/wp-content/uploads/2013/12/Borivali-W-S.V.-RD-NEXT-TO-JAYA-TAKIES-ABOVE-SAI-MALL-MT-NL-20-x-10.jpg,1_O52035_thumb_front.jpg
124,http://brightoutdoor.com/wp-content/uploads/2013/12/Borivali-W-S.V.-RD-NEXT-TO-JAYA-TAKIES-ABOVE-SAI-MALL-MT-NL-41-x-20.jpg,1_O52036_thumb_front.jpg
125,http://brightoutdoor.com/wp-content/uploads/2013/12/Borivali-W-S.V.-Rd-L.T.-Rd-Facing-Above-Booking-office-Any-NL-40-x-20.jpg,1_O52037_thumb_front.jpg
126,http://brightoutdoor.com/wp-content/uploads/2013/12/Borivali-W-S.V.-Rd-L.T.-Rd-Junction-down-Any-NL-40-x-20.jpg,1_O52038_thumb_front.jpg
127,http://brightoutdoor.com/wp-content/uploads/2013/12/Borivali-W-S.V.-Rd-L.T.-Rd-Junction-upper-DD-Any-NL-40-x-20.jpg,1_O52039_thumb_front.jpg
128,http://brightoutdoor.com/wp-content/uploads/2013/12/Borivali-W-S.V.-Rd-Nr.-Reservation-off-Parichay-Showroom-ET-NL-40-x-20.jpg,1_O52040_thumb_front.jpg
129,http://brightoutdoor.com/wp-content/uploads/2013/12/Borivali-W-S.V.-Rd-Facing-Opp-Bhaaji-Market-L.H.S-Any-NL-40-x-20.jpg,1_O52041_thumb_front.jpg
130,http://brightoutdoor.com/wp-content/uploads/2013/12/Borivali-W-S.V.-Rd-Road-Facing-Near-Subway-Any-NL-20-x-20.jpg,1_O52042_thumb_front.jpg
131,http://brightoutdoor.com/wp-content/uploads/2013/12/Borivali-W-Flyover-E-TO-W-LHS-1-ET-NL-20-x-20.jpg,1_O52043_thumb_front.jpg
132,http://brightoutdoor.com/wp-content/uploads/2013/12/Borivali-W-Flyover-E-TO-W-LHS-2-ET-NL-20-x-20.jpg,1_O52044_thumb_front.jpg
133,http://brightoutdoor.com/wp-content/uploads/2013/12/Borivali-W-Flyover-E-TO-W-RHS-3-ET-NL-20-x-20.jpg,1_O52045_thumb_front.jpg
134,http://brightoutdoor.com/wp-content/uploads/2013/12/Borivali-W-Flyover-W-TO-E-L.H.S-1-MT-NL-20-x-20.jpg,1_O52046_thumb_front.jpg
135,http://brightoutdoor.com/wp-content/uploads/2013/12/Borivali-W-Flyover-W-TO-E-R.H.S-2-MT-NL-20-x-20.jpg,1_O52047_thumb_front.jpg
136,http://brightoutdoor.com/wp-content/uploads/2013/12/Borivali-W-Flyover-W-TO-E-R.H.S-3-MT-NL-20-x-20.jpg,1_O52048_thumb_front.jpg
137,http://brightoutdoor.com/wp-content/uploads/2013/12/Borivali-W.E.Highway-ET-ILL-40-x-20.jpg,1_O52049_thumb_front.jpg
138,http://brightoutdoor.com/wp-content/uploads/2013/12/Borivali-W.E.Highway-trf-going-towards-Borivali-MT-ILL-40-x-20.jpg,1_O52050_thumb_front.jpg
139,http://brightoutdoor.com/wp-content/uploads/2013/12/Borivali-National-Park-Flyr-Fcg-Dahisar-Goregaon-1-Any-NL-100-x-10.jpg,1_O52051_thumb_front.jpg
140,http://brightoutdoor.com/wp-content/uploads/2013/12/Borivali-National-Park-Flyr-Fcg-Dahisar-Goregaon-2-Any-NL-62-x-10.jpg,1_O52052_thumb_front.jpg
141,http://brightoutdoor.com/wp-content/uploads/2013/12/Borivali-National-Park-Flyr-Fcg-Goregaon-Dahisar-FCG-SHIV-MANDIR-Any-NL-100-x-10.jpg,1_O52053_thumb_front.jpg
142,http://brightoutdoor.com/wp-content/uploads/2013/12/BorivaliDattapada-Rd-FlyrFcg-Tata-Power-Goregaon-Any-NL-173-x-10.jpg,1_O52054_thumb_front.jpg
143,http://brightoutdoor.com/wp-content/uploads/2013/12/BorivaliDattapada-Rd-FlyrFcg-Tata-PowerGoregaon-Dahisar-Any-NL-91-x-10.jpg,1_O52055_thumb_front.jpg
144,http://brightoutdoor.com/wp-content/uploads/2013/12/Byculla-Bridge-g-upper-MT-NL-20-x-20.jpg,1_O52056_thumb_front.jpg
145,http://brightoutdoor.com/wp-content/uploads/2013/12/Byculla-Bridge-g-down-MT-NL-20-x-20.jpg,1_O52057_thumb_front.jpg
146,http://brightoutdoor.com/wp-content/uploads/2013/12/Cadel-rd-ABOVE-HARI-OM.-ET-40-X-20.jpg,1_O52058_thumb_front.jpg
147,http://brightoutdoor.com/wp-content/uploads/2013/12/Cadell-Road-near-Marques-villa-RHS-ET-30-X-20.jpg,1_O52059_thumb_front.jpg
148,http://brightoutdoor.com/wp-content/uploads/2013/12/Cadell-Road-Near-Dargah-Galli-RHS-40x20.jpg,1_O52060_thumb_front.jpg
149,http://brightoutdoor.com/wp-content/uploads/2013/12/Cadell-Road-Near-Dargah-Galli-LHS-25X20.jpg,1_O52061_thumb_front.jpg
150,http://brightoutdoor.com/wp-content/uploads/2013/12/Cadel-road-Nr-Telephone-Exchange-MTNL-MT-20-X-20.jpg,1_O52062_thumb_front.jpg
151,http://brightoutdoor.com/wp-content/uploads/2013/12/CADEL-RD-NR-Altaf-Furniture-MT-20-X-20.jpg,1_O52063_thumb_front.jpg
152,http://brightoutdoor.com/wp-content/uploads/2013/12/CADEL-RD-NR-Altaf-Furniture-ET-20-X-20.jpg,1_O52064_thumb_front.jpg
153,http://brightoutdoor.com/wp-content/uploads/2013/12/Cadel-Rd-Dargah-Gali-MT-16x16.jpg,1_O52065_thumb_front.jpg
154,http://brightoutdoor.com/wp-content/uploads/2013/12/Caddel-RD.-TRF-From-Mahim-C.-Church-to-Town-side-RHS-30-X-20.jpg,1_O52066_thumb_front.jpg
155,http://brightoutdoor.com/wp-content/uploads/2013/12/Caddel-RD.-TRF-From-Mahim-C.-Church-to-Town-side-20-X-20.jpg,1_O52067_thumb_front.jpg
156,http://brightoutdoor.com/wp-content/uploads/2013/12/CADDEL-RD-Hinduja-Hospital-20X20.jpg,1_O52068_thumb_front.jpg
157,http://brightoutdoor.com/wp-content/uploads/2013/12/CADDEL-RD-Dargah-Gali-ET-16X16.jpg,1_O52069_thumb_front.jpg
158,http://brightoutdoor.com/wp-content/uploads/2013/12/CADDEL-RD-Dargah-Gali-ET-20X20.jpg,1_O52070_thumb_front.jpg
159,http://brightoutdoor.com/wp-content/uploads/2013/12/CADDEL-RD-Catering-College-40X20.jpg,1_O52071_thumb_front.jpg
160,http://brightoutdoor.com/wp-content/uploads/2013/12/CADDEL-RD-Catering-College-16-X-16.jpg,1_O52072_thumb_front.jpg
161,http://brightoutdoor.com/wp-content/uploads/2013/12/CADDEL-RD-AMIGO-20X20.jpg,1_O52073_thumb_front.jpg
162,http://brightoutdoor.com/wp-content/uploads/2013/12/Chembur-Everard-Nagar-Priyadarshni-Flyover-trf-going-towards-RCF-ET-ILL-203-X-10.jpg,1_O52074_thumb_front.jpg
163,http://brightoutdoor.com/wp-content/uploads/2013/12/Chembur-Amar-Mahal-junction-ET-NL-40-x-40.jpg,1_O52075_thumb_front.jpg
164,http://brightoutdoor.com/wp-content/uploads/2013/12/Chembur-E.E.-Highway-RCF-Circle-MT-NL-30-x-20.jpg,1_O52076_thumb_front.jpg
165,http://brightoutdoor.com/wp-content/uploads/2013/12/Chembur-E.E.Highway-before-Amar-Mahal-lower-ET-NL-25-x-25.jpg,1_O52077_thumb_front.jpg
166,http://brightoutdoor.com/wp-content/uploads/2013/12/Chembur-E.E.Highway-before-Amar-Mahal-upper-ET-NL-30-x-20.jpg,1_O52078_thumb_front.jpg
167,http://brightoutdoor.com/wp-content/uploads/2013/12/Chembur-Mankhurd-Link-Rd-opp.-India-Oil-Nagar-ET-NL-60-x-20.jpg,1_O52079_thumb_front.jpg
168,http://brightoutdoor.com/wp-content/uploads/2013/12/Chembur-Nr.-Akbrallys-ET-NL-30-x-20.jpg,1_O52080_thumb_front.jpg
169,http://brightoutdoor.com/wp-content/uploads/2013/12/Chembur-Opp-RCF-Priyadarshini-Sion-Rd-MT-NL-40-x-20.jpg,1_O52081_thumb_front.jpg
170,http://brightoutdoor.com/wp-content/uploads/2013/12/Chembur-PARELLAL-TO-E.-E.-Highway-MT-ILL-40-x-20.jpg,1_O52082_thumb_front.jpg
171,http://brightoutdoor.com/wp-content/uploads/2013/12/Chembur-PARELLAL-TO-E.-E.-Highway-MT-NL-40-x-40.jpg,1_O52083_thumb_front.jpg
172,http://brightoutdoor.com/wp-content/uploads/2013/12/DADAR-20X20-1.jpg,1_O52084_thumb_front.jpg
173,http://brightoutdoor.com/wp-content/uploads/2013/12/DADAR-TILAK-BRIDGE-R.H.S-30-X-20.jpg,1_O52085_thumb_front.jpg
174,http://brightoutdoor.com/wp-content/uploads/2013/12/DADAR-TILAK-BRIDGE-MT-20-X-20.jpg,1_O52086_thumb_front.jpg
175,http://brightoutdoor.com/wp-content/uploads/2013/12/DADAR-TILAK-BRIDGE-L.H.S-30-X-20.jpg,1_O52087_thumb_front.jpg
176,http://brightoutdoor.com/wp-content/uploads/2013/12/DADAR-TILAK-BRIDGE-DOWN-20-X-20.jpg,1_O52088_thumb_front.jpg
177,http://brightoutdoor.com/wp-content/uploads/2013/12/DADAR-TILAK-BRIDGE-20X10.jpg,1_O52089_thumb_front.jpg
178,http://brightoutdoor.com/wp-content/uploads/2013/12/Dahisar-W.E-Highway-Trf-Going-Twds-Borivali-MT-NL-30-x-20.jpg,1_O52090_thumb_front.jpg
179,http://brightoutdoor.com/wp-content/uploads/2013/12/DOMBIVALI-E-NR.-PATHARLI-CHOWK-PENDARKAR-COLLEGE-MT-NL-30-x-20.jpg,1_O52091_thumb_front.jpg
180,http://brightoutdoor.com/wp-content/uploads/2013/12/Elphinstone-Flyr-Fcg-Lower-Parel-Dadar-Mahalaxmi-Any-NL-142-x-10.jpg,1_O52092_thumb_front.jpg
181,http://brightoutdoor.com/wp-content/uploads/2013/12/Elphinstone-Flyr-Fcg-Elphinstone-E-Dadar-Mahalaxmi-Any-NL-90-x-10.jpg,1_O52093_thumb_front.jpg
182,http://brightoutdoor.com/wp-content/uploads/2013/12/Elphinstone-Flyr-Fcg-Elphinstone-E-Dadar-Mahalaxmi-Any-NL-172-x-10.jpg,1_O52094_thumb_front.jpg
183,http://brightoutdoor.com/wp-content/uploads/2013/12/Elphinstone-Flyr-Fcg-Prabhadevi-Dadar-Mahalaxmi-Any-NL-90-x-10.jpg,1_O52095_thumb_front.jpg
184,http://brightoutdoor.com/wp-content/uploads/2013/12/Goregaon-Link-Rd-Nr.Oshiwar-Depot-upper-MT-ILL-40-x-20.jpg,1_O52096_thumb_front.jpg
185,http://brightoutdoor.com/wp-content/uploads/2013/12/Goregaon-S.-V.-Rd-Opp-Ganpati-temple-Nr-Oshiwara-Bridge-MT-NL-40-x-41.jpg,1_O52097_thumb_front.jpg
186,http://brightoutdoor.com/wp-content/uploads/2013/12/Goregaon-Flyr.-Fcg-Aarey-Colony-Borivali-Andheri-Any-NL-100-x-10.jpg,1_O52098_thumb_front.jpg
187,http://brightoutdoor.com/wp-content/uploads/2013/12/Goregaon-Link-Rd-Nr.-Oshiwara-Depot-MT-ILL-40-x-40.jpg,1_O52099_thumb_front.jpg
188,http://brightoutdoor.com/wp-content/uploads/2013/12/Goregaon-Link-Rd-Nr.-Oshiwara-Depotv-ET-ILL-40-x-40.jpg,1_O52100_thumb_front.jpg
189,http://brightoutdoor.com/wp-content/uploads/2013/12/Goregaon-Link-Rd-Nr.Oshiwar-Depot-Vertical-MT-ILL-16-x-40.jpg,1_O52101_thumb_front.jpg
190,http://brightoutdoor.com/wp-content/uploads/2013/12/Goregaon-Oshiwara-Depot-MT-ILL-35-x-40.jpg,1_O52102_thumb_front.jpg
191,http://brightoutdoor.com/wp-content/uploads/2013/12/Goregaon-Oshiwara-Link-Rd-Opp-Mega-Mall-ET-ILL-20-x-20.jpg,1_O52103_thumb_front.jpg
192,http://brightoutdoor.com/wp-content/uploads/2013/12/GOREGAON-S-V-RD-40X20.jpg,1_O52104_thumb_front.jpg
193,http://brightoutdoor.com/wp-content/uploads/2013/12/GOREGAON-SV-RD-FLYOVER-30X20.jpg,1_O52105_thumb_front.jpg
194,http://brightoutdoor.com/wp-content/uploads/2013/12/Goregaon-Sv-road-Flyover-Junction-LOWER-ET-NL-60-x-20.jpg,1_O52106_thumb_front.jpg
195,http://brightoutdoor.com/wp-content/uploads/2013/12/Goregaon-Sv-road-opp.-Cinemax-ET-ILL-40-x-20.jpg,1_O52107_thumb_front.jpg
196,http://brightoutdoor.com/wp-content/uploads/2013/12/Goregaon-WEH-Nr-HUB-MaLL-ET-ILL-40-x-20.jpg,1_O52108_thumb_front.jpg
197,http://brightoutdoor.com/wp-content/uploads/2013/12/Goregaon-WEH-Nr-HUB-MaLL-MT-NL-40-x-20.jpg,1_O52109_thumb_front.jpg
198,http://brightoutdoor.com/wp-content/uploads/2013/12/Haji-Ali-Near-NSCI-MOBILE-VAN-MT-20-X-10.jpg,1_O52110_thumb_front.jpg
199,http://brightoutdoor.com/wp-content/uploads/2013/12/Haji-Ali-Nr-NSCI-MOBILE-VAN-MT-20-X-10.jpg,1_O52111_thumb_front.jpg
200,http://brightoutdoor.com/wp-content/uploads/2013/12/Jogeshwari-S.V.rd-trf-goind-towards-Goregaon-nr-petrol-pump-ET-NL-40-x-20.jpg,1_O52112_thumb_front.jpg
201,http://brightoutdoor.com/wp-content/uploads/2013/12/Jogeshwari-W-S.V-rd-MT-NL-20-x-20.jpg,1_O52113_thumb_front.jpg
202,http://brightoutdoor.com/wp-content/uploads/2013/12/Jogeshwari-W-S.V-rd-above-heena-shopping-centre-ET-NL-60-x-20.jpg,1_O52114_thumb_front.jpg
203,http://brightoutdoor.com/wp-content/uploads/2013/12/Jogeshwari-Link-Rd-opp.-Oshiwara-Depot-Opp-MegaMall-1-MT-NL-40-x-20.jpg,1_O52115_thumb_front.jpg
204,http://brightoutdoor.com/wp-content/uploads/2013/12/Jogeshwari-Link-Rd-opp.-Oshiwara-Depot-Opp-MegaMall-2-MT-NL-30-x-20.jpg,1_O52116_thumb_front.jpg
205,http://brightoutdoor.com/wp-content/uploads/2013/12/Jogeshwari-Link-Rd-opp.-Oshiwara-Depot-Opp-MegaMall-3-MT-NL-30-x-20.jpg,1_O52117_thumb_front.jpg
206,http://brightoutdoor.com/wp-content/uploads/2013/12/Jogeshwari-Link-Rd-opp.-Shreeji-Hotel-V-MT-ILL-20-x-60.jpg,1_O52118_thumb_front.jpg
207,http://brightoutdoor.com/wp-content/uploads/2013/12/Jogeshwari-S.V.rd-trf-going-towards-Goregaon-nr-petrol-pump-ET-NL-40-x-20.jpg,1_O52119_thumb_front.jpg
208,http://brightoutdoor.com/wp-content/uploads/2013/12/Jogeshwari-Vikhroli-Link-Rd-down-Jogeshwari-To-Powai-ET-ILL-40-x-20.jpg,1_O52120_thumb_front.jpg
209,http://brightoutdoor.com/wp-content/uploads/2013/12/Jogeshwari-Vikhroli-Link-Rd-down-Powai-To-Jogeshwari-MT-NL-40-x-20.jpg,1_O52121_thumb_front.jpg
210,http://brightoutdoor.com/wp-content/uploads/2013/12/Jogeshwari-Vikhroli-Link-Rd-upper-Jogeshwari-To-Powai-ET-ILL-40-x-20.jpg,1_O52122_thumb_front.jpg
211,http://brightoutdoor.com/wp-content/uploads/2013/12/Jogeshwari-Vikhroli-Link-Rd-upper-Powai-To-Jogeshwari-MT-NL-40-x-20.jpg,1_O52123_thumb_front.jpg
212,http://brightoutdoor.com/wp-content/uploads/2013/12/JUHU-HAVELI-Haveli-2nd-ET-30-X-20.jpg,1_O52124_thumb_front.jpg
213,http://brightoutdoor.com/wp-content/uploads/2013/12/JUHU-HAVELI-Site-8th-ET-30X20.jpg,1_O52125_thumb_front.jpg
214,http://brightoutdoor.com/wp-content/uploads/2013/12/Juhu-Opp.-PalmGrove-Hotel-L.H.S-ET-20-X-20.jpg,1_O52126_thumb_front.jpg
215,http://brightoutdoor.com/wp-content/uploads/2013/12/Juhu-Gulmohar-75x10.jpg,1_O52127_thumb_front.jpg
216,http://brightoutdoor.com/wp-content/uploads/2013/12/Juhu-Gulmohar-rd-Nr-irla-masjid-UPPER-ONLY-TEXT-MATTER-MT-NL-40-x-40.jpg,1_O52128_thumb_front.jpg
217,http://brightoutdoor.com/wp-content/uploads/2013/12/Juhu-Gulmohar-rd-near-Cooper-hospital-Facing-Alfa-40X20.jpg,1_O52129_thumb_front.jpg
218,http://brightoutdoor.com/wp-content/uploads/2013/12/JUHU-GULMOHAR-ROAD-MT-ILL-32-x-20.jpg,1_O52130_thumb_front.jpg
219,http://brightoutdoor.com/wp-content/uploads/2013/12/Juhu-Gulmohar-Road-Near-Club-Millionaire-ET-ILL-20-x-20.jpg,1_O52131_thumb_front.jpg
220,http://brightoutdoor.com/wp-content/uploads/2013/12/Juhu-Gulmohar-Road-Near-Club-Millionaire-MT-ILL-20-x-20.jpg,1_O52132_thumb_front.jpg
221,http://brightoutdoor.com/wp-content/uploads/2013/12/JuHu-Gulmohar-Road-Near-Navneet-Motors-trf-towards-JVPD-ET-ILL-40-x-42.jpg,1_O52133_thumb_front.jpg
222,http://brightoutdoor.com/wp-content/uploads/2013/12/JuHu-Gulmohar-Road-Near-Navneet-Motors-trf-towards-Rob-MT-ILL-40-x-42.jpg,1_O52134_thumb_front.jpg
223,http://brightoutdoor.com/wp-content/uploads/2013/12/Juhu-Gulmohar-Road-Near-Talwaklars-WeB-WORLD-MT-ILL-40-X-42.jpg,1_O52135_thumb_front.jpg
224,http://brightoutdoor.com/wp-content/uploads/2013/12/JUHU-HAVELI-Solo-Site-ET-20-X-20.jpg,1_O52136_thumb_front.jpg
225,http://brightoutdoor.com/wp-content/uploads/2013/12/Juhu-Haveli-ET-1st-20x20.jpg,1_O52137_thumb_front.jpg
226,http://brightoutdoor.com/wp-content/uploads/2013/12/Juhu-Ledo-Garden-ftf-juhu-to-sndt-1st-MT-ILL-40-x-42.jpg,1_O52138_thumb_front.jpg
227,http://brightoutdoor.com/wp-content/uploads/2013/12/Juhu-Ledo-Garden-ftf-juhu-to-sndt-2nd-MT-ILL-40-x-42.jpg,1_O52139_thumb_front.jpg
228,http://brightoutdoor.com/wp-content/uploads/2013/12/Juhu-Ledo-Garden-ftf-Santacruz-Linking-Rd-to-Juhu-1st-ET-ILL-40-x-41.jpg,1_O52140_thumb_front.jpg
229,http://brightoutdoor.com/wp-content/uploads/2013/12/Juhu-Ledo-Garden-ftf-Santacruz-Linking-Rd-to-Juhu-2nd-ET-ILL-40-x-41.jpg,1_O52141_thumb_front.jpg
230,http://brightoutdoor.com/wp-content/uploads/2013/12/Juhu-Near-Haveli-Hotel-Front-Lit-5th-ET-ILL-30-x-20.jpg,1_O52142_thumb_front.jpg
231,http://brightoutdoor.com/wp-content/uploads/2013/12/Juhu-Near-Haveli-Hotel-front-Lit-4th-ET-ILL-20-x-20.jpg,1_O52143_thumb_front.jpg
232,http://brightoutdoor.com/wp-content/uploads/2013/12/Juhu-Near-Haveli-Hotel-Nr.-Police-Station-ET-ILL-30-x-20.jpg,1_O52144_thumb_front.jpg
233,http://brightoutdoor.com/wp-content/uploads/2013/12/Juhu-Near-Haveli-Opp.-Beach-depot-1st-MT-30X20.jpg,1_O52145_thumb_front.jpg
234,http://brightoutdoor.com/wp-content/uploads/2013/12/Juhu-Near-Haveli-Opp.-Beach-depot-2nd-MT-30X20.jpg,1_O52146_thumb_front.jpg
235,http://brightoutdoor.com/wp-content/uploads/2013/12/Juhu-Next-to-Sea-Princess-Long-Visibility-MT-ILL-30-x-20.jpg,1_O52147_thumb_front.jpg
236,http://brightoutdoor.com/wp-content/uploads/2013/12/JUHU-NR-HAVELI-7th-ET-30X20.jpg,1_O52148_thumb_front.jpg
237,http://brightoutdoor.com/wp-content/uploads/2013/12/Juhu-Opp-Beach-Between-Haveli-Palmgrove-stretch7-Pices-Any-NL-60-x-3.jpg,1_O52149_thumb_front.jpg
238,http://brightoutdoor.com/wp-content/uploads/2013/12/Juhu-Opp.-HAVELI-Hotel-MOBILE-VAN-Bus-Depot-ET-ILL-20-X-10.jpg,1_O52150_thumb_front.jpg
239,http://brightoutdoor.com/wp-content/uploads/2013/12/Juhu-Opp.-HAVELI-Hotel-MOBILE-VAN-Bus-Depot-MT-ILL-20-X-10.jpg,1_O52151_thumb_front.jpg
240,http://brightoutdoor.com/wp-content/uploads/2013/12/Juhu-Opp.-HAVELI-Hotel-SOLO-Site-MT-20-X-20.jpg,1_O52152_thumb_front.jpg
241,http://brightoutdoor.com/wp-content/uploads/2013/12/Juhu-Opp.-Palm-Grove-Hotel-R.H.S.-ET-NL-20-x-20.jpg,1_O52153_thumb_front.jpg
242,http://brightoutdoor.com/wp-content/uploads/2013/12/Juhu-Opp.-The-Centaur-Hotel-ET-ILL-20-x-20.jpg,1_O52154_thumb_front.jpg
243,http://brightoutdoor.com/wp-content/uploads/2013/12/Juhu-Opp.-The-Centaur-Hotel-ET-NL-30-x-10.jpg,1_O52155_thumb_front.jpg
244,http://brightoutdoor.com/wp-content/uploads/2013/12/JUHU-SNDT-30-X-20.jpg,1_O52156_thumb_front.jpg
245,http://brightoutdoor.com/wp-content/uploads/2013/12/JUHU-SNDT-40X40-1.jpg,1_O52157_thumb_front.jpg
246,http://brightoutdoor.com/wp-content/uploads/2013/12/JUHU-TARA-RD-30X20.jpg,1_O52158_thumb_front.jpg
247,http://brightoutdoor.com/wp-content/uploads/2013/12/Juhu-near-Palm-Grove-Hotel-L.H.S-SOLO-ET-ILL-20-x-20.jpg,1_O52159_thumb_front.jpg
248,http://brightoutdoor.com/wp-content/uploads/2013/12/Juhu-near-haveli-Opp.-Beach-depot-6th-ET-ILL-30-x-20.jpg,1_O52160_thumb_front.jpg
249,http://brightoutdoor.com/wp-content/uploads/2013/12/Juhu-Opp.-Palm-Grove-Hotel-1ST-ET-NL-20-x-20.jpg,1_O52161_thumb_front.jpg
250,http://brightoutdoor.com/wp-content/uploads/2013/12/Juhu-Opp.-Palm-Grove-Hotel-2-nd-ET-NL-20-x-20.jpg,1_O52162_thumb_front.jpg
251,http://brightoutdoor.com/wp-content/uploads/2013/12/Juhu-Opp.-Palm-Grove-Hotel-FAST-ET-ILL-20-x-20.jpg,1_O52163_thumb_front.jpg
252,http://brightoutdoor.com/wp-content/uploads/2013/12/KALBADEVI-Â -NL-18-x-10.jpg,1_O52164_thumb_front.jpg
253,http://brightoutdoor.com/wp-content/uploads/2013/12/KALYAN-STN-ROAD-FCG-GURUDEV-HOTEL-ET-NL-40-x-201.jpg,1_O52165_thumb_front.jpg
254,http://brightoutdoor.com/wp-content/uploads/2013/12/KALYAN-STN-ROAD-FCG-GURUDEV-HOTEL-ET-NL-20-x-201.jpg,1_O52166_thumb_front.jpg
255,http://brightoutdoor.com/wp-content/uploads/2013/12/KALYAN-STN-ROAD-FCG-STATION-MT-NL-20-x-20.jpg,1_O52167_thumb_front.jpg
256,http://brightoutdoor.com/wp-content/uploads/2013/12/Kandivali-highway-TRF-going-towrads-Andheri-MT-NL-60-x-20.jpg,1_O52168_thumb_front.jpg
257,http://brightoutdoor.com/wp-content/uploads/2013/12/Kandivali-W-S.V.-Road-Near-Signal-MT-NL-20-x-10.jpg,1_O52169_thumb_front.jpg
258,http://brightoutdoor.com/wp-content/uploads/2013/12/Kandivali-W-S.V.-Road-Near-Signal-ET-NL-19-x-10.jpg,1_O52170_thumb_front.jpg
259,http://brightoutdoor.com/wp-content/uploads/2013/12/Kandivali-highway-TRF-going-towrads-Andheri-to-Borivali-ET-NL-60-x-20.jpg,1_O52171_thumb_front.jpg
260,http://brightoutdoor.com/wp-content/uploads/2013/12/Kandivali-Link-rd-After-Mahavir-Ngr-Junction-Nr-Signal-MT-NL-30-x-20.jpg,1_O52172_thumb_front.jpg
261,http://brightoutdoor.com/wp-content/uploads/2013/12/Kandivali-Link-rd-Before-Mahavir-Ngr-Junction-Nr-Signal-ET-NL-30-x-20.jpg,1_O52173_thumb_front.jpg
262,http://brightoutdoor.com/wp-content/uploads/2013/12/Kandivali-Link-Rd-Dhanukarwadi-Junction-MT-NL-40-x-20.jpg,1_O52174_thumb_front.jpg
263,http://brightoutdoor.com/wp-content/uploads/2013/12/Kandivali-Link-Rd-Dhanukarwadi-Junction-m-ET-ILL-40-x-20.jpg,1_O52175_thumb_front.jpg
264,http://brightoutdoor.com/wp-content/uploads/2013/12/Kandivali-Link-rd-ET-NL-30-x-20.jpg,1_O52176_thumb_front.jpg
265,http://brightoutdoor.com/wp-content/uploads/2013/12/Kandivali-Link-rd-ET-NL-40-x-40.jpg,1_O52177_thumb_front.jpg
266,http://brightoutdoor.com/wp-content/uploads/2013/12/Kandivali-Link-Rd-Mahavir-Nagar-Junction-c-MT-NL-40-x-20.jpg,1_O52178_thumb_front.jpg
267,http://brightoutdoor.com/wp-content/uploads/2013/12/Kandivali-Link-RD-Nr-Dhanuarwadi-Junction-1-ET-NL-40-x-20.jpg,1_O52179_thumb_front.jpg
268,http://brightoutdoor.com/wp-content/uploads/2013/12/Kandivali-M.G.-Road-Trf-going-towards-S.V.Road-Stn-MT-NL-15-x-41.jpg,1_O52180_thumb_front.jpg
269,http://brightoutdoor.com/wp-content/uploads/2013/12/Kandivali-M.G.-Road-Trf-going-towards-S.V.Road-Stn-MT-NL-35-x-20.jpg,1_O52181_thumb_front.jpg
270,http://brightoutdoor.com/wp-content/uploads/2013/12/KEMPS-CORNER-40-X-20.jpg,1_O52182_thumb_front.jpg
271,http://brightoutdoor.com/wp-content/uploads/2013/12/Kemps-Corner-Flyover-MT-10-x-30.jpg,1_O52183_thumb_front.jpg
272,http://brightoutdoor.com/wp-content/uploads/2013/12/Khar-S.V-Rd-Trf-Cming-Frm-Bandra-To-Khar-ET-NL-30-x-20.jpg,1_O52184_thumb_front.jpg
273,http://brightoutdoor.com/wp-content/uploads/2013/12/Khar-S.V-Rd-Trf-Cming-Frm-Bandra-To-Khar-ET-NL-30-x-31.jpg,1_O52185_thumb_front.jpg
274,http://brightoutdoor.com/wp-content/uploads/2013/12/Khar-S.V-Rd-Trf-Cming-Frm-Santracruz-To-Bandra-MT-NL-30-x-20.jpg,1_O52186_thumb_front.jpg
275,http://brightoutdoor.com/wp-content/uploads/2013/12/KHAR-S.V.-ROAD-Above-Hotel-Sahil-30X20.jpg,1_O52187_thumb_front.jpg
276,http://brightoutdoor.com/wp-content/uploads/2013/12/Kurla-FlyrFcg-ChemburSion-Trombay-Rd-Any-NL-121-x-10.jpg,1_O52188_thumb_front.jpg
277,http://brightoutdoor.com/wp-content/uploads/2013/12/Kurla-FlyrFcg-ChemburSion-Trombay-Rd-Any-NL-142-x-10.jpg,1_O52189_thumb_front.jpg
278,http://brightoutdoor.com/wp-content/uploads/2013/12/KURLA-Kamani-NrSheetal-Cinemax-Fcg-coming-frm-sion-to-kurla-ET-ILL-35-x-20.jpg,1_O52190_thumb_front.jpg
279,http://brightoutdoor.com/wp-content/uploads/2013/12/Kurla-LBS-Marg-Near-Kalpana-Talkies-ET-NL-20-X-20.jpg,1_O52191_thumb_front.jpg
280,http://brightoutdoor.com/wp-content/uploads/2013/12/Kurla-LBS-Marg-Near-Kalpana-Talkies-ET-NL-30-X-20.jpg,1_O52192_thumb_front.jpg
281,http://brightoutdoor.com/wp-content/uploads/2013/12/Kurla-LBS-Marg-Near-Kalpana-Talkies-MT-NL-20-X-20.jpg,1_O52193_thumb_front.jpg
282,http://brightoutdoor.com/wp-content/uploads/2013/12/Kurla-LBS-Marg-Near-Kalpana-Talkies-MT-NL-30-X-20.jpg,1_O52194_thumb_front.jpg
283,http://brightoutdoor.com/wp-content/uploads/2013/12/Lower-Parel-Nr-India-bulls-Kamala-Mill-towrads-to-Elphinstone-ET-15-x-30.jpg,1_O52195_thumb_front.jpg
284,http://brightoutdoor.com/wp-content/uploads/2013/12/LOWER-PAREL-36-X-10.jpg,1_O52196_thumb_front.jpg
285,http://brightoutdoor.com/wp-content/uploads/2013/12/LOWER-PAREL-50-X-10.jpg,1_O52197_thumb_front.jpg
286,http://brightoutdoor.com/wp-content/uploads/2013/12/LOWER-PAREL-FLYOVER-MT-15-X-40.jpg,1_O52198_thumb_front.jpg
287,http://brightoutdoor.com/wp-content/uploads/2013/12/Lower-Parel-Flyr-Fcg-Lower-parelE-Mahalaxmi-Dadar-Any-NL-85-x-10.jpg,1_O52199_thumb_front.jpg
288,http://brightoutdoor.com/wp-content/uploads/2013/12/Lower-Parel-Flyr-Fcg-Woril-Mahalaxmi-Dadar-Any-NL-105-x-10.jpg,1_O52200_thumb_front.jpg
289,http://brightoutdoor.com/wp-content/uploads/2013/12/Mahim-Causeway-Darya-Sarang-trf-going-toward-Bandra-upper-ET-60-x-20.jpg,1_O52201_thumb_front.jpg
290,http://brightoutdoor.com/wp-content/uploads/2013/12/Mahim-W-Cause-Way-Bus-Depot-ET-20-X-20.jpg,1_O52202_thumb_front.jpg
291,http://brightoutdoor.com/wp-content/uploads/2013/12/Mahim-W-Cause-Way-Near-signal-43-X-25.jpg,1_O52203_thumb_front.jpg
292,http://brightoutdoor.com/wp-content/uploads/2013/12/Mahim-W-Cause-Way-Near-signal-MT-64-X-25.jpg,1_O52204_thumb_front.jpg
293,http://brightoutdoor.com/wp-content/uploads/2013/12/Mahim-Causeway-Darya-Sarang-trf-going-toward-Bandra-lower-ET-40-x-20.jpg,1_O52205_thumb_front.jpg
294,http://brightoutdoor.com/wp-content/uploads/2013/12/Mahim-Causeway-Darya-Sarang-trf-going-toward-town-lower-MT-40-x-20.jpg,1_O52206_thumb_front.jpg
295,http://brightoutdoor.com/wp-content/uploads/2013/12/Mahim-Causeway-Darya-Sarang-trf-going-toward-town-upper-MT-40X20.jpg,1_O52207_thumb_front.jpg
296,http://brightoutdoor.com/wp-content/uploads/2013/12/Mahim-Causeway-Moible-Van-Double-sided-20-X-10.jpg,1_O52208_thumb_front.jpg
297,http://brightoutdoor.com/wp-content/uploads/2013/12/Mahim-Causeway-Near-Bus-Depot-facia-ET-60-X-20.jpg,1_O52209_thumb_front.jpg
298,http://brightoutdoor.com/wp-content/uploads/2013/12/Mahim-Matunga-rd-going-towards-Dadar-20x20.jpg,1_O52210_thumb_front.jpg
299,http://brightoutdoor.com/wp-content/uploads/2013/12/Mahim-Mori-Road-Junction-Near-Signal-ET-NL-30-x-20.jpg,1_O52211_thumb_front.jpg
300,http://brightoutdoor.com/wp-content/uploads/2013/12/Mahim-Mori-Road-Junction-Near-Signal-MT-NL-40-x-15.jpg,1_O52212_thumb_front.jpg
301,http://brightoutdoor.com/wp-content/uploads/2013/12/Mahim-Mori-Road-Junction-Near-Signal-RHS-MT-NL-20-x-15.jpg,1_O52213_thumb_front.jpg
302,http://brightoutdoor.com/wp-content/uploads/2013/12/Mahim-Nr.-Church-on-Bus-Depot-ET-16-x-16.jpg,1_O52214_thumb_front.jpg
303,http://brightoutdoor.com/wp-content/uploads/2013/12/Mahim-Opp.-Church-signal-Junction-ET-30-X-20.jpg,1_O52215_thumb_front.jpg
304,http://brightoutdoor.com/wp-content/uploads/2013/12/Mahim-Opp.-Church-signal-Junction-ET-ILL-40-x-15.jpg,1_O52216_thumb_front.jpg
305,http://brightoutdoor.com/wp-content/uploads/2013/12/Malad-Link-Rd-Nr-Uncles-Kitchen-Jn.-trf-going-towards-Marve-rd-UP-ET-NL-60-X-20.jpg,1_O52217_thumb_front.jpg
306,http://brightoutdoor.com/wp-content/uploads/2013/12/Malad-link-road-near-inorbit-Hypercity-MALL-2-MT-ILL-40-x-40.jpg,1_O52218_thumb_front.jpg
307,http://brightoutdoor.com/wp-content/uploads/2013/12/Malad-link-road-near-inorbit-1-MT-ILL-40-x-40.jpg,1_O52219_thumb_front.jpg
308,http://brightoutdoor.com/wp-content/uploads/2013/12/Malad-link-road-near-inorbit-3-MT-NL-40-x-40.jpg,1_O52220_thumb_front.jpg
309,http://brightoutdoor.com/wp-content/uploads/2013/12/Malad-W-s.v-rd-ABOVE-LEGACY-OF-MUMBAI-HOTEL-ET-ILL-40-x-20.jpg,1_O52221_thumb_front.jpg
310,http://brightoutdoor.com/wp-content/uploads/2013/12/Malad-W-s.v-rd-ABOVE-LEGACY-OF-MUMBAI-HOTEL-MT-NL-40-x-20.jpg,1_O52222_thumb_front.jpg
311,http://brightoutdoor.com/wp-content/uploads/2013/12/Malad-W-S.V.-Road-Marve-Junction-MT-NL-20-x-8.jpg,1_O52223_thumb_front.jpg
312,http://brightoutdoor.com/wp-content/uploads/2013/12/Malad-W-S.V.-Road-Marve-Junction-MT-NL-20-x-10.jpg,1_O52224_thumb_front.jpg
313,http://brightoutdoor.com/wp-content/uploads/2013/12/Malad-W-S.V.-Road-Marve-Junction-MT-NL-23-x-12.jpg,1_O52225_thumb_front.jpg
314,http://brightoutdoor.com/wp-content/uploads/2013/12/Malad-W-S.V.-Road-towards-NL-College-ET-NL-10-x-20.jpg,1_O52226_thumb_front.jpg
315,http://brightoutdoor.com/wp-content/uploads/2013/12/Malad-W-S.V.-Road-opp-MTNL-and-BATA-Showroom-MT-NL-10-x-20.jpg,1_O52227_thumb_front.jpg
316,http://brightoutdoor.com/wp-content/uploads/2013/12/Malad-W-s.v.road-above-N.L.COLLEGE-fcg-going-towards-kandivali-ET-NL-60-x-20.jpg,1_O52228_thumb_front.jpg
317,http://brightoutdoor.com/wp-content/uploads/2013/12/Malad-Link-Rd-Nr-Uncles-Kitchen-Vertical-MT-NL-20-x-40.jpg,1_O52229_thumb_front.jpg
318,http://brightoutdoor.com/wp-content/uploads/2013/12/Malad-Link-Rd-Nr-Uncles-Kitchen-Jn.-trf-going-towards-Marve-rd-DN-ET-NL-60-X-20.jpg,1_O52230_thumb_front.jpg
319,http://brightoutdoor.com/wp-content/uploads/2013/12/Malad-Link-Rd-Nr-Uncles-Kitchen-MT-NL-40-x-20.jpg,1_O52231_thumb_front.jpg
320,http://brightoutdoor.com/wp-content/uploads/2013/12/Malad-Link-Road-OPP.-INFINITY-MALL-LHS-MT-NL-40-x-20.jpg,1_O52232_thumb_front.jpg
321,http://brightoutdoor.com/wp-content/uploads/2013/12/Malad-WEH-Near-Times-Of-India-Office-ET-NL-45-x-20.jpg,1_O52233_thumb_front.jpg
322,http://brightoutdoor.com/wp-content/uploads/2013/12/Malad-WEH-Near-Times-Of-India-Office-LhS-ET-NL-10-x-40.jpg,1_O52234_thumb_front.jpg
323,http://brightoutdoor.com/wp-content/uploads/2013/12/Malad-WEH-Near-Times-Of-India-Office-RHS-ET-NL-10-X-40.jpg,1_O52235_thumb_front.jpg
324,http://brightoutdoor.com/wp-content/uploads/2013/12/Malad-west-above-subway-FCG-SV-ROAD-TO-WEH-HIGHWAY-MT-NL-40-X-8.jpg,1_O52236_thumb_front.jpg
325,http://brightoutdoor.com/wp-content/uploads/2013/12/Mandvi-JJ-Flyover-MT-NL-30-x-10.jpg,1_O52237_thumb_front.jpg
326,http://brightoutdoor.com/wp-content/uploads/2013/12/Mandvi-Below-JJ-Flyover-MT-NL-50-x-6.jpg,1_O52238_thumb_front.jpg
327,http://brightoutdoor.com/wp-content/uploads/2013/12/Marine-Lines-Queens-Road-ET-20-x-20.jpg,1_O52239_thumb_front.jpg
328,http://brightoutdoor.com/wp-content/uploads/2013/12/MARINELINES-10X20.jpg,1_O52240_thumb_front.jpg
329,http://brightoutdoor.com/wp-content/uploads/2013/12/MARINELINES-40X20.jpg,1_O52241_thumb_front.jpg
330,http://brightoutdoor.com/wp-content/uploads/2013/12/MARINELINES-MT-20x20.jpg,1_O52242_thumb_front.jpg
331,http://brightoutdoor.com/wp-content/uploads/2013/12/Mira-Rd-Kashi-Mira-Highway-Nr.-Bharat-Petrol-Pump-Kasimira-To-Bhy-ET-NL-20-x-40.jpg,1_O52243_thumb_front.jpg
332,http://brightoutdoor.com/wp-content/uploads/2013/12/Mira-Bhayendar-Flyover-Opp-Maxes-Mall-Fcg-Bridge-MT-NL-20-x-20.jpg,1_O52244_thumb_front.jpg
333,http://brightoutdoor.com/wp-content/uploads/2013/12/Mira-Bhayendar-Flyover-Opp-Maxes-Mall-Fcg-Golden-Nest-ET-NL-20-x-20.jpg,1_O52245_thumb_front.jpg
334,http://brightoutdoor.com/wp-content/uploads/2013/12/Mira-Bhayendar-Flyover-Opposite-Maxes-Mall-Fcg-Bridge-MT-NL-20-x-20.jpg,1_O52246_thumb_front.jpg
335,http://brightoutdoor.com/wp-content/uploads/2013/12/Mira-Rd-Kashi-Mira-Highway-Nr.-Flyover-Signal-ET-NL-20-x-40.jpg,1_O52247_thumb_front.jpg
336,http://brightoutdoor.com/wp-content/uploads/2013/12/Mira-Rd-Kashi-Mira-Highway-Nr.-Flyover-Signal-MT-NL-20-x-40.jpg,1_O52248_thumb_front.jpg
337,http://brightoutdoor.com/wp-content/uploads/2013/12/Mira-Road-Kashi-Mira-Highway-Nr.-Jakat-Naka-ET-NL-40-x-20.jpg,1_O52249_thumb_front.jpg
338,http://brightoutdoor.com/wp-content/uploads/2013/12/Mira-Road-Kashi-Mira-Highway-TRF-GOING-TOWARDS-BORIVALI-MT-NL-40-x-20.jpg,1_O52250_thumb_front.jpg
339,http://brightoutdoor.com/wp-content/uploads/2013/12/Mulund-highway-trf-going-towards-thane-before-Toll-naka-VERTICAL-ET-ILL-20-X-50.jpg,1_O52251_thumb_front.jpg
340,http://brightoutdoor.com/wp-content/uploads/2013/12/Mulund-highway-trf-going-towards-thane-before-Toll-naka-ET-ILL-40-X-20.jpg,1_O52252_thumb_front.jpg
341,http://brightoutdoor.com/wp-content/uploads/2013/12/MUMBAI-CENTRAL-20X10.jpg,1_O52253_thumb_front.jpg
342,http://brightoutdoor.com/wp-content/uploads/2013/12/MUMBAI-CENTRAL-40-X-30.jpg,1_O52254_thumb_front.jpg
343,http://brightoutdoor.com/wp-content/uploads/2013/12/Mumbai-Poona-Express-Hightway-tfq-MUMBAI-TO-PUNE-ET-NL-60-x-30.jpg,1_O52255_thumb_front.jpg
344,http://brightoutdoor.com/wp-content/uploads/2013/12/Mum-Pune-Exp-Highway-pune-to-mumbai-PIMPLI-MT-NL-80-x-40.jpg,1_O52256_thumb_front.jpg
345,http://brightoutdoor.com/wp-content/uploads/2013/12/Mum-Pune-Exp-Highway-b4-Baur-2-Bridge-pune-to-mumbai-MT-NL-123-x-40.jpg,1_O52257_thumb_front.jpg
346,http://brightoutdoor.com/wp-content/uploads/2013/12/Mum-Pune-Exp-Highway-MUMBAI-TO-PUNE-BORAJ-ET-NL-50-x-30.jpg,1_O52258_thumb_front.jpg
347,http://brightoutdoor.com/wp-content/uploads/2013/12/Mum-Pune-Exp-Highway-nr-Baur-Before-Toll-Fcg-Mumbai-ET-NL-100-x-40.jpg,1_O52259_thumb_front.jpg
348,http://brightoutdoor.com/wp-content/uploads/2013/12/Mum-Pune-Exp-Highway-Nr-Tembari-Fcg-pune-to-mumbai-MT-NL-205-x-65.jpg,1_O52260_thumb_front.jpg
349,http://brightoutdoor.com/wp-content/uploads/2013/12/Mumbai-Poona-Express-Hightway-tfq-from-PUNE-TO-MUMBAI-MT-NL-40-x-30.jpg,1_O52261_thumb_front.jpg
350,http://brightoutdoor.com/wp-content/uploads/2013/12/Mumbai-Poona-Express-Hightway-tfq-Pune-to-Mumbai-MT-NL-40-x-40.jpg,1_O52262_thumb_front.jpg
351,http://brightoutdoor.com/wp-content/uploads/2013/12/Mumbai-Pune-Exp-Highway-nr-Baur-after-Toll-Fcg-Pune-MT-NL-100-x-50.jpg,1_O52263_thumb_front.jpg
352,http://brightoutdoor.com/wp-content/uploads/2013/12/NANA-CHOWK-20X20-1.jpg,1_O52264_thumb_front.jpg
353,http://brightoutdoor.com/wp-content/uploads/2013/12/OPERA-HOUSE-ET-20-X-20.jpg,1_O52265_thumb_front.jpg
354,http://brightoutdoor.com/wp-content/uploads/2013/12/OPERA-HOUSE-40-X-15.jpg,1_O52266_thumb_front.jpg
355,http://brightoutdoor.com/wp-content/uploads/2013/12/OPERA-HOUSE-MT-20-X-20.jpg,1_O52267_thumb_front.jpg
356,http://brightoutdoor.com/wp-content/uploads/2013/12/PANVEL-NR-PANCHRATNA-HOTEL-SHEDUNG-TOLLNAKA-ET-NL-40-x-40.jpg,1_O52268_thumb_front.jpg
357,http://brightoutdoor.com/wp-content/uploads/2013/12/PANVEL-MUMBAI-TO-PUNE-HIGYWAY-ST-DEPOT-ET-NL-20-X-20.jpg,1_O52269_thumb_front.jpg
358,http://brightoutdoor.com/wp-content/uploads/2013/12/PANVEL-MUMBAI-TO-PUNE-HIGYWAY-ST-DEPOT-ET-NL-40-X-20.jpg,1_O52270_thumb_front.jpg
359,http://brightoutdoor.com/wp-content/uploads/2013/12/PANVEL-NEAR-WELCOME-HOTEL-L.H.S-MT-NL-40-x-40.jpg,1_O52271_thumb_front.jpg
360,http://brightoutdoor.com/wp-content/uploads/2013/12/PANVEL-NR-PANCHRATNA-HOTEL-SHEDUNG-TOLLNAK-MT-NL-40-x-40.jpg,1_O52272_thumb_front.jpg
361,http://brightoutdoor.com/wp-content/uploads/2013/12/PANVEL-NR-PANCHRATNA-HOTEL-SHEDUNG-TOLLNAKA-MT-NL-41-x-42.jpg,1_O52273_thumb_front.jpg
362,http://brightoutdoor.com/wp-content/uploads/2013/12/PANVEL-PUNE-TO-MUMBAI-HIGHWAY-ST-DEPOT-MT-NL-20-X-20.jpg,1_O52274_thumb_front.jpg
363,http://brightoutdoor.com/wp-content/uploads/2013/12/PANVEL-PUNE-TO-MUMBAI-HIGHWAY-ST-DEPOT-MT-NL-40-X-20.jpg,1_O52275_thumb_front.jpg
364,http://brightoutdoor.com/wp-content/uploads/2013/12/PEDDER-RD-MT-18-X-10.jpg,1_O52276_thumb_front.jpg
365,http://brightoutdoor.com/wp-content/uploads/2013/12/PEDDER-RD-ET-18-X-10.jpg,1_O52277_thumb_front.jpg
366,http://brightoutdoor.com/wp-content/uploads/2013/12/Prabhadevi-Siddhi-Vinayak-1st-40X20.jpg,1_O52278_thumb_front.jpg
367,http://brightoutdoor.com/wp-content/uploads/2013/12/Prabhadevi-60-X-10.jpg,1_O52279_thumb_front.jpg
368,http://brightoutdoor.com/wp-content/uploads/2013/12/Prabhadevi-Ravinra-Natya-Mandir-20-x-20.jpg,1_O52280_thumb_front.jpg
369,http://brightoutdoor.com/wp-content/uploads/2013/12/Prabhadevi-Sakarbai-Chawl-13-X-7.jpg,1_O52281_thumb_front.jpg
370,http://brightoutdoor.com/wp-content/uploads/2013/12/Prabhadevi-Sakarbai-Chawl-18-X-18.jpg,1_O52282_thumb_front.jpg
371,http://brightoutdoor.com/wp-content/uploads/2013/12/Prabhadevi-Siddhi-Vinayak-20X20.jpg,1_O52283_thumb_front.jpg
372,http://brightoutdoor.com/wp-content/uploads/2013/12/Prabhadevi-Siddhi-Vinayak-2nd-40X20.jpg,1_O52284_thumb_front.jpg
373,http://brightoutdoor.com/wp-content/uploads/2013/12/Santa-Cruz-Highway-Vakola-Flyover-ET-ILL-60-x-20.jpg,1_O52285_thumb_front.jpg
374,http://brightoutdoor.com/wp-content/uploads/2013/12/Santa-Cruz-Highway-before-fly-over-L.H.S-ET-ILL-20-x-10.jpg,1_O52286_thumb_front.jpg
375,http://brightoutdoor.com/wp-content/uploads/2013/12/Santa-Cruz-Highway-before-fly-over-L.H.S-MT-ILL-20-x-10.jpg,1_O52287_thumb_front.jpg
376,http://brightoutdoor.com/wp-content/uploads/2013/12/Santa-Cruz-Highway-Vakola-Flyover-30-x-20.jpg,1_O52288_thumb_front.jpg
377,http://brightoutdoor.com/wp-content/uploads/2013/12/Santa-Cruz-Highway-Vakola-Flyover-ET-ILL-35-x-20.jpg,1_O52289_thumb_front.jpg
378,http://brightoutdoor.com/wp-content/uploads/2013/12/Santa-Cruz-Highway-Vakola-Flyover-ET-ILL-40-x-20.jpg,1_O52290_thumb_front.jpg
379,http://brightoutdoor.com/wp-content/uploads/2013/12/Santa-Cruz-Highway-Vakola-Flyover-upper-NEON-ET-ILL-20-x-20.jpg,1_O52291_thumb_front.jpg
380,http://brightoutdoor.com/wp-content/uploads/2013/12/Santa-Cruz-Highway-Vakola-Flyover-LHS-TEACHERS-C-ET-ILL-30-x-20.jpg,1_O52292_thumb_front.jpg
381,http://brightoutdoor.com/wp-content/uploads/2013/12/Santa-Cruz-S.V.-Road-Near-Khira-Nagar-MT-ILL-40-x-16.jpg,1_O52293_thumb_front.jpg
382,http://brightoutdoor.com/wp-content/uploads/2013/12/Santa-Cruz-S.V.-road-Nr-ashaparik-hospital-MT-ILL-60-x-20.jpg,1_O52294_thumb_front.jpg
383,http://brightoutdoor.com/wp-content/uploads/2013/12/SantaCruz-W-S.V-Road-Nr-Standard-Chartered-ET-ILL-40-x-20.jpg,1_O52295_thumb_front.jpg
384,http://brightoutdoor.com/wp-content/uploads/2013/12/SANTACRUZ-SV-RD-Asha-Parekh-Hospital-40X20.jpg,1_O52296_thumb_front.jpg
385,http://brightoutdoor.com/wp-content/uploads/2013/12/Sion-Dharavi-Road-trf-going-towards-BKC.-ET-ILL-60-x-20.jpg,1_O52297_thumb_front.jpg
386,http://brightoutdoor.com/wp-content/uploads/2013/12/Sion-Flyover-ET-ILL-40-x-20.jpg,1_O52298_thumb_front.jpg
387,http://brightoutdoor.com/wp-content/uploads/2013/12/Taloja-Flyr.-Fcg-MIDC-Shilpphata-Panvel-Vashi-Any-NL-101-x-10.jpg,1_O52299_thumb_front.jpg
388,http://brightoutdoor.com/wp-content/uploads/2013/12/TARDEO-20-X-20.jpg,1_O52300_thumb_front.jpg
389,http://brightoutdoor.com/wp-content/uploads/2013/12/TARDEO-40-X-20.jpg,1_O52301_thumb_front.jpg
390,http://brightoutdoor.com/wp-content/uploads/2013/12/Thane-MANPADA-JUNCTION-FCG-BORIVALI-ET-NL-40-x-40.jpg,1_O52302_thumb_front.jpg
391,http://brightoutdoor.com/wp-content/uploads/2013/12/THANE-WABOVE-ASHOK-TALKIES-BOTH-SITE-FCG-ET-NL-40-x-20.jpg,1_O52303_thumb_front.jpg
392,http://brightoutdoor.com/wp-content/uploads/2013/12/THANE-E.E-Highway-Nr-Nitin-Company-Flyover-LHS-ET-ILL-40-x-20.jpg,1_O52304_thumb_front.jpg
393,http://brightoutdoor.com/wp-content/uploads/2013/12/THANE-E.E-Highway-Nr-Nitin-Company-Flyover-LHS-MT-ILL-60-x-20.jpg,1_O52305_thumb_front.jpg
394,http://brightoutdoor.com/wp-content/uploads/2013/12/THANE-E.E-Highway-Nr-Nitin-Company-Flyover-RHS-ET-ILL-40-x-20.jpg,1_O52306_thumb_front.jpg
395,http://brightoutdoor.com/wp-content/uploads/2013/12/Thane-GODHBUNER-Rd-Nr-HYPERCITY-Fcg-Borivali-ET-NL-40-x-40.jpg,1_O52307_thumb_front.jpg
396,http://brightoutdoor.com/wp-content/uploads/2013/12/Thane-GODHBUNER-Rd-Nr-HYPERCITY-Fcg-Thane-MT-NL-40-x-40.jpg,1_O52308_thumb_front.jpg
397,http://brightoutdoor.com/wp-content/uploads/2013/12/Thane-MANPADA-JUNCTION-FCG-THANE-MT-NL-40-x-40.jpg,1_O52309_thumb_front.jpg
398,http://brightoutdoor.com/wp-content/uploads/2013/12/THANE-NR-THANE-COLLEGE-GATE-FCG-CIDCO-BUS-DEPOT-MT-NL-20-x-21.jpg,1_O52310_thumb_front.jpg
399,http://brightoutdoor.com/wp-content/uploads/2013/12/THANE-NR-THANE-COLLEGE-GATE-FCG-KONDDEV-STEDIUM-ET-NL-20-x-21.jpg,1_O52311_thumb_front.jpg
400,http://brightoutdoor.com/wp-content/uploads/2013/12/THANE-NR-THANE-COLLEGE-GATE-FCG-ROAD-ET-NL-15-x-20.jpg,1_O52312_thumb_front.jpg
401,http://brightoutdoor.com/wp-content/uploads/2013/12/VAKOLA-BRIDGE-ON-NEHRU-RD.WEST-TO-EAST-MT-NL-20-x-20.jpg,1_O52313_thumb_front.jpg
402,http://brightoutdoor.com/wp-content/uploads/2013/12/VAKOLA-BRIDGE-ON-NEHRU-RD.-EAST-TO-WEST-ET-NL-20-x-20.jpg,1_O52314_thumb_front.jpg
403,http://brightoutdoor.com/wp-content/uploads/2013/12/Vashi-EntranceMbiâ-Pune-HighwayB4-Toll-Naka-MT-NL-30-x-20.jpg,1_O52315_thumb_front.jpg
404,http://brightoutdoor.com/wp-content/uploads/2013/12/Vashi-EntranceMbiâ-Pune-HighwayB4-Toll-Naka-ET-NL-30-x-20.jpg,1_O52316_thumb_front.jpg
405,http://brightoutdoor.com/wp-content/uploads/2013/12/Vile-Parle-S-V-Rd-Nr-OPP-BUS-DEPO-NR-MANDIR-F-1-MT-ILL-30-x-20.jpg,1_O52317_thumb_front.jpg
406,http://brightoutdoor.com/wp-content/uploads/2013/12/Vile-Parle-W-S.V.-Road-Near-Pavanhans-ET-NL-20-x-10.jpg,1_O52318_thumb_front.jpg
407,http://brightoutdoor.com/wp-content/uploads/2013/12/VILE-PARLE-Flyover-30X20.jpg,1_O52319_thumb_front.jpg
408,http://brightoutdoor.com/wp-content/uploads/2013/12/Vile-Parle-S-V-Rd-Nr-LIC-OFFICE-F-ET-NL-30-x-20.jpg,1_O52320_thumb_front.jpg
409,http://brightoutdoor.com/wp-content/uploads/2013/12/Vile-Parle-S-V-Rd-Nr-OPP-BUS-DEPO-NR-MANDIR-F-2-ET-NL-30-x-20.jpg,1_O52321_thumb_front.jpg
410,http://brightoutdoor.com/wp-content/uploads/2013/12/Vile-Parle-S-v-Road-3-MT-NL-20-x-10.jpg,1_O52322_thumb_front.jpg
411,http://brightoutdoor.com/wp-content/uploads/2013/12/VILE-PARLE-SV-RD-20X20.jpg,1_O52323_thumb_front.jpg
412,http://brightoutdoor.com/wp-content/uploads/2013/12/Vile-Parle-Flyover-Near-Parle-Factory-Facing-West-to-east-MT-ILL-20-x-20.jpg,1_O52324_thumb_front.jpg
413,http://brightoutdoor.com/wp-content/uploads/2013/12/Ville-Parle-S-v-Road-2-MT-NL-20-x-10.jpg,1_O52325_thumb_front.jpg
414,http://brightoutdoor.com/wp-content/uploads/2013/12/Worli-20x20.jpg,1_O52326_thumb_front.jpg
415,http://brightoutdoor.com/wp-content/uploads/2013/12/Worli-31-X-20.jpg,1_O52327_thumb_front.jpg
416,http://brightoutdoor.com/wp-content/uploads/2013/12/Worli-Glaxo-40X20.jpg,1_O52328_thumb_front.jpg
417,http://brightoutdoor.com/wp-content/uploads/2013/12/Worli-Naka-40-X-20.jpg,1_O52329_thumb_front.jpg
418,http://brightoutdoor.com/wp-content/uploads/2013/12/Worli-Near-City-Bakery-Near-ICICI-Bank-ET-30-X-20.jpg,1_O52330_thumb_front.jpg
419,http://brightoutdoor.com/wp-content/uploads/2013/12/Vikhroli-Flyr.-On-E.E.H.-Fcg-Kannawar-NagarMulundMumbai-Any-NL-132-x-10.jpg,1_O52331_thumb_front.jpg
420,http://brightoutdoor.com/wp-content/uploads/2013/12/Versova-Seven-Bunglows-MT-ILL-20-x-20.jpg,1_O52332_thumb_front.jpg
421,http://brightoutdoor.com/wp-content/uploads/2013/12/Mankhurd-BARC-FLYOVER-trf-cmg-from-vashi-to-town-1ST-MT-NL-40-x-20.jpg,1_O52333_thumb_front.jpg
422,http://brightoutdoor.com/wp-content/uploads/2013/12/Mankhurd-BARC-FLYOVER-trf-cmg-from-vashi-to-town-2ND-MT-NL-40-x-20.jpg,1_O52334_thumb_front.jpg
423,http://brightoutdoor.com/wp-content/uploads/2013/12/Kanjurmarg-ROB-trf-cmg-from-Eastern-exp-highway-to-powai-JVLR-MT-NL-60-X-20.jpg,1_O52335_thumb_front.jpg
424,http://brightoutdoor.com/wp-content/uploads/2013/12/Ghatkopar-Link-Road-Trf-Going-Twds-LBS-to-Highway-ET-NL-40-x-20.jpg,1_O52336_thumb_front.jpg
