,name,link
0,1_O50365_thumb_front.jpg,http://kaushikoutdoors.com/admin/gallery/BRTS_01.jpg
1,1_O50366_thumb_front.jpg,http://kaushikoutdoors.com/admin/gallery/BRTS_02.jpg
2,1_O50367_thumb_front.jpg,http://kaushikoutdoors.com/admin/gallery/BRTS_03.jpg
3,1_O50368_thumb_front.jpg,http://kaushikoutdoors.com/admin/gallery/BRTS_04.jpg
4,1_O50369_thumb_front.jpg,http://kaushikoutdoors.com/admin/gallery/BRTS_05.jpg
5,1_O50370_thumb_front.jpg,http://kaushikoutdoors.com/admin/gallery/BRTS_06.jpg
6,1_O50371_thumb_front.jpg,http://kaushikoutdoors.com/admin/gallery/BRTS_07.jpg
7,1_O50372_thumb_front.jpg,http://kaushikoutdoors.com/admin/gallery/BRTS_08.jpg
8,1_O50373_thumb_front.jpg,http://kaushikoutdoors.com/admin/gallery/BRTS_09.jpg
9,1_O50374_thumb_front.jpg,http://kaushikoutdoors.com/admin/gallery/BRTS_10.jpg
10,1_O50375_thumb_front.jpg,http://kaushikoutdoors.com/admin/gallery/BRTS_11.jpg
11,1_O50376_thumb_front.jpg,http://kaushikoutdoors.com/admin/gallery/BRTS_12.jpg
12,1_O50377_thumb_front.jpg,http://kaushikoutdoors.com/admin/gallery/BRTS_13.jpg
13,1_O50378_thumb_front.jpg,http://kaushikoutdoors.com/admin/gallery/BRTS_14.jpg
14,1_O50379_thumb_front.jpg,http://kaushikoutdoors.com/admin/gallery/BRTS_15.jpg
15,1_O50380_thumb_front.jpg,http://kaushikoutdoors.com/admin/gallery/BRTS_16.jpg
16,1_O50381_thumb_front.jpg,http://kaushikoutdoors.com/admin/gallery/BRTS_17.jpg
17,1_O50382_thumb_front.jpg,http://kaushikoutdoors.com/admin/gallery/BRTS_18.jpg
18,1_O50383_thumb_front.jpg,http://kaushikoutdoors.com/admin/gallery/BRTS_19.jpg
19,1_O50384_thumb_front.jpg,http://kaushikoutdoors.com/admin/gallery/BRTS_20.jpg
20,1_O50385_thumb_front.jpg,http://kaushikoutdoors.com/admin/gallery/BRTS_21.jpg
21,1_O50386_thumb_front.jpg,http://kaushikoutdoors.com/admin/gallery/BRTS_22.jpg
22,1_O50387_thumb_front.jpg,http://kaushikoutdoors.com/admin/gallery/BRTS_23.jpg
23,1_O50388_thumb_front.jpg,http://kaushikoutdoors.com/admin/gallery/BRTS_24.jpg
24,1_O50389_thumb_front.jpg,http://kaushikoutdoors.com/admin/gallery/BRTS_25.jpg
25,1_O50390_thumb_front.jpg,http://kaushikoutdoors.com/admin/gallery/BRTS_26.jpg
26,1_O50391_thumb_front.jpg,http://kaushikoutdoors.com/admin/gallery/BRTS_27.jpg
27,1_O50392_thumb_front.jpg,http://kaushikoutdoors.com/admin/gallery/BRTS_28.jpg
28,1_O50393_thumb_front.jpg,http://kaushikoutdoors.com/admin/gallery/2.jpg
29,1_O50394_thumb_front.jpg,http://kaushikoutdoors.com/admin/gallery/3.jpg
30,1_O50395_thumb_front.jpg,http://kaushikoutdoors.com/admin/gallery/4.jpg
31,1_O50396_thumb_front.jpg,http://kaushikoutdoors.com/admin/gallery/5.jpg
32,1_O50397_thumb_front.jpg,http://kaushikoutdoors.com/admin/gallery/6.jpg
33,1_O50398_thumb_front.jpg,http://kaushikoutdoors.com/admin/gallery/7.jpg
34,1_O50399_thumb_front.jpg,http://kaushikoutdoors.com/admin/gallery/8.jpg
35,1_O50400_thumb_front.jpg,http://kaushikoutdoors.com/admin/gallery/9.jpg
36,1_O50401_thumb_front.jpg,http://kaushikoutdoors.com/admin/gallery/10.jpg
37,1_O50402_thumb_front.jpg,http://kaushikoutdoors.com/admin/gallery/11.jpg
38,1_O50403_thumb_front.jpg,http://kaushikoutdoors.com/admin/gallery/12.jpg
39,1_O50404_thumb_front.jpg,http://kaushikoutdoors.com/admin/gallery/13.jpg
40,1_O50405_thumb_front.jpg,http://kaushikoutdoors.com/admin/gallery/14.jpg
41,1_O50406_thumb_front.jpg,http://kaushikoutdoors.com/admin/gallery/15.jpg
42,1_O50407_thumb_front.jpg,http://kaushikoutdoors.com/admin/gallery/SAU_1.jpg
43,1_O50408_thumb_front.jpg,http://kaushikoutdoors.com/admin/gallery/SAU_2.jpg
44,1_O50409_thumb_front.jpg,http://kaushikoutdoors.com/admin/gallery/SAU_7.jpg
45,1_O50410_thumb_front.jpg,http://kaushikoutdoors.com/admin/gallery/SAU_8.jpg
46,1_O50411_thumb_front.jpg,http://kaushikoutdoors.com/admin/gallery/SAU_9.jpg
47,1_O50412_thumb_front.jpg,http://kaushikoutdoors.com/admin/gallery/SAU_10.jpg
48,1_O50413_thumb_front.jpg,http://kaushikoutdoors.com/admin/gallery/SAU_11.jpg
49,1_O50414_thumb_front.jpg,http://kaushikoutdoors.com/admin/gallery/SAU_12.jpg
50,1_O50415_thumb_front.jpg,http://kaushikoutdoors.com/admin/gallery/SAU_13.jpg
51,1_O50416_thumb_front.jpg,http://kaushikoutdoors.com/admin/gallery/SAU_14.jpg
52,1_O50417_thumb_front.jpg,http://kaushikoutdoors.com/admin/gallery/SAU_15.jpg
53,1_O50418_thumb_front.jpg,http://kaushikoutdoors.com/admin/gallery/SAU_18.jpg
54,1_O50419_thumb_front.jpg,http://kaushikoutdoors.com/admin/gallery/SAU_19.jpg
55,1_O50420_thumb_front.jpg,http://kaushikoutdoors.com/admin/gallery/SAU_20.jpg
56,1_O50421_thumb_front.jpg,http://kaushikoutdoors.com/admin/gallery/SAU_21.jpg
57,1_O50422_thumb_front.jpg,http://kaushikoutdoors.com/admin/gallery/SAU_24.jpg
58,1_O50423_thumb_front.jpg,http://kaushikoutdoors.com/admin/gallery/SAU_25.jpg
59,1_O50424_thumb_front.jpg,http://kaushikoutdoors.com/admin/gallery/SAU_26.jpg
60,1_O50425_thumb_front.jpg,http://kaushikoutdoors.com/admin/gallery/SAU_27.jpg
61,1_O50426_thumb_front.jpg,http://kaushikoutdoors.com/admin/gallery/SAU_28.jpg
62,1_O50427_thumb_front.jpg,http://kaushikoutdoors.com/admin/gallery/SAU_29.jpg
63,1_O50428_thumb_front.jpg,http://kaushikoutdoors.com/admin/gallery/SAU_30.jpg
64,1_O50429_thumb_front.jpg,http://kaushikoutdoors.com/admin/gallery/SAU_31.jpg
65,1_O50430_thumb_front.jpg,http://kaushikoutdoors.com/admin/gallery/SAU_32.jpg
66,1_O50431_thumb_front.jpg,http://kaushikoutdoors.com/admin/gallery/SAU_33.jpg
67,1_O50432_thumb_front.jpg,http://kaushikoutdoors.com/admin/gallery/SAU_34.jpg
68,1_O50433_thumb_front.jpg,http://kaushikoutdoors.com/admin/gallery/SAU_35.jpg
69,1_O50434_thumb_front.jpg,http://kaushikoutdoors.com/admin/gallery/SAU_36.jpg
70,1_O50435_thumb_front.jpg,http://kaushikoutdoors.com/admin/gallery/SAU_37.jpg
71,1_O50436_thumb_front.jpg,http://kaushikoutdoors.com/admin/gallery/SAU_38.jpg
72,1_O50437_thumb_front.jpg,http://kaushikoutdoors.com/admin/gallery/SAU_39.jpg
73,1_O50438_thumb_front.jpg,http://kaushikoutdoors.com/admin/gallery/SAU_40.jpg
74,1_O50439_thumb_front.jpg,http://kaushikoutdoors.com/admin/gallery/SAU_41.jpg
75,1_O50440_thumb_front.jpg,http://kaushikoutdoors.com/admin/gallery/SAU_42.jpg
76,1_O50441_thumb_front.jpg,http://kaushikoutdoors.com/admin/gallery/SAU_43.jpg
77,1_O50442_thumb_front.jpg,http://kaushikoutdoors.com/admin/gallery/SAU_44.jpg
78,1_O50443_thumb_front.jpg,http://kaushikoutdoors.com/admin/gallery/SAU_45.jpg
79,1_O50444_thumb_front.jpg,http://kaushikoutdoors.com/admin/gallery/SAU_46.jpg
80,1_O50445_thumb_front.jpg,http://kaushikoutdoors.com/admin/gallery/SAU_47.jpg
81,1_O50446_thumb_front.jpg,http://kaushikoutdoors.com/admin/gallery/SAU_48.jpg
82,1_O50447_thumb_front.jpg,http://kaushikoutdoors.com/admin/gallery/SAU_49.jpg
83,1_O50448_thumb_front.jpg,http://kaushikoutdoors.com/admin/gallery/SAU_50.jpg
84,1_O50449_thumb_front.jpg,http://kaushikoutdoors.com/admin/gallery/SAU_51.jpg
85,1_O50450_thumb_front.jpg,http://kaushikoutdoors.com/admin/gallery/SAU_52.jpg
86,1_O50451_thumb_front.jpg,http://kaushikoutdoors.com/admin/gallery/SAU_53.jpg
87,1_O50452_thumb_front.jpg,http://kaushikoutdoors.com/admin/gallery/SAU_54.jpg
88,1_O50453_thumb_front.jpg,http://kaushikoutdoors.com/admin/gallery/SAU_55.jpg
89,1_O50454_thumb_front.jpg,http://kaushikoutdoors.com/admin/gallery/SAU_56.jpg
90,1_O50455_thumb_front.jpg,http://kaushikoutdoors.com/admin/gallery/SAU_57.jpg
91,1_O50456_thumb_front.jpg,http://kaushikoutdoors.com/admin/gallery/SAU_58.jpg
92,1_O50457_thumb_front.jpg,http://kaushikoutdoors.com/admin/gallery/SAU_59.jpg
93,1_O50458_thumb_front.jpg,http://kaushikoutdoors.com/admin/gallery/SAU_60.jpg
94,1_O50459_thumb_front.jpg,http://kaushikoutdoors.com/admin/gallery/SAU_61.jpg
95,1_O50460_thumb_front.jpg,http://kaushikoutdoors.com/admin/gallery/SAU_62.jpg
96,1_O50461_thumb_front.jpg,http://kaushikoutdoors.com/admin/gallery/SAU_74.jpg
97,1_O50462_thumb_front.jpg,http://kaushikoutdoors.com/admin/gallery/SAU_73.jpg
98,1_O50463_thumb_front.jpg,http://kaushikoutdoors.com/admin/gallery/SAU_65.jpg
99,1_O50464_thumb_front.jpg,http://kaushikoutdoors.com/admin/gallery/SAU_67.jpg
100,1_O50465_thumb_front.jpg,http://kaushikoutdoors.com/admin/gallery/SAU_69.jpg
101,1_O50466_thumb_front.jpg,http://kaushikoutdoors.com/admin/gallery/SAU_71.jpg
102,1_O50467_thumb_front.jpg,http://kaushikoutdoors.com/admin/gallery/SAU_75.jpg
103,1_O50468_thumb_front.jpg,http://kaushikoutdoors.com/admin/gallery/SAU_76.jpg
104,1_O50469_thumb_front.jpg,http://kaushikoutdoors.com/admin/gallery/SAU_77.jpg
105,1_O50470_thumb_front.jpg,http://kaushikoutdoors.com/admin/gallery/SAU_78.jpg
106,1_O50471_thumb_front.jpg,http://kaushikoutdoors.com/admin/gallery/SAU_63.jpg
107,1_O50472_thumb_front.jpg,http://kaushikoutdoors.com/admin/gallery/SAU_64.jpg
108,1_O50473_thumb_front.jpg,http://kaushikoutdoors.com/admin/gallery/SG_3_.jpg
109,1_O50474_thumb_front.jpg,http://kaushikoutdoors.com/admin/gallery/SG_4.jpg
110,1_O50475_thumb_front.jpg,http://kaushikoutdoors.com/admin/gallery/SG_5.jpg
111,1_O50476_thumb_front.jpg,http://kaushikoutdoors.com/admin/gallery/SG_6.jpg
112,1_O50477_thumb_front.jpg,http://kaushikoutdoors.com/admin/gallery/SG_7.jpg
113,1_O50478_thumb_front.jpg,http://kaushikoutdoors.com/admin/gallery/SG_10.jpg
114,1_O50479_thumb_front.jpg,http://kaushikoutdoors.com/admin/gallery/SG_11.jpg
115,1_O50480_thumb_front.jpg,http://kaushikoutdoors.com/admin/gallery/SG_12.jpg
116,1_O50481_thumb_front.jpg,http://kaushikoutdoors.com/admin/gallery/SG_14.jpg
117,1_O50482_thumb_front.jpg,http://kaushikoutdoors.com/admin/gallery/SG_15.jpg
118,1_O50483_thumb_front.jpg,http://kaushikoutdoors.com/admin/gallery/SG_16.jpg
119,1_O50484_thumb_front.jpg,http://kaushikoutdoors.com/admin/gallery/SG_17.jpg
120,1_O50485_thumb_front.jpg,http://kaushikoutdoors.com/admin/gallery/SG_18.jpg
121,1_O50486_thumb_front.jpg,http://kaushikoutdoors.com/admin/gallery/SG_19.jpg
122,1_O50487_thumb_front.jpg,http://kaushikoutdoors.com/admin/gallery/SG_20.jpg
123,1_O50488_thumb_front.jpg,http://kaushikoutdoors.com/admin/gallery/SG_21.jpg
124,1_O50489_thumb_front.jpg,http://kaushikoutdoors.com/admin/gallery/SG_22.jpg
125,1_O50490_thumb_front.jpg,http://kaushikoutdoors.com/admin/gallery/SG_24.jpg
126,1_O50491_thumb_front.jpg,http://kaushikoutdoors.com/admin/gallery/SG_25.jpg
127,1_O50492_thumb_front.jpg,http://kaushikoutdoors.com/admin/gallery/SG_26.jpg
128,1_O50493_thumb_front.jpg,http://kaushikoutdoors.com/admin/gallery/SG_27.jpg
129,1_O50494_thumb_front.jpg,http://kaushikoutdoors.com/admin/gallery/SG_29.jpg
130,1_O50495_thumb_front.jpg,http://kaushikoutdoors.com/admin/gallery/SG_30.jpg
131,1_O50496_thumb_front.jpg,http://kaushikoutdoors.com/admin/gallery/SG_31.jpg
132,1_O50497_thumb_front.jpg,http://kaushikoutdoors.com/admin/gallery/SG_32.jpg
133,1_O50498_thumb_front.jpg,http://kaushikoutdoors.com/admin/gallery/SG_33.jpg
134,1_O50499_thumb_front.jpg,http://kaushikoutdoors.com/admin/gallery/SG_40.jpg
135,1_O50500_thumb_front.jpg,http://kaushikoutdoors.com/admin/gallery/SG_41.jpg
136,1_O50501_thumb_front.jpg,http://kaushikoutdoors.com/admin/gallery/SG_42.jpg
137,1_O50502_thumb_front.jpg,http://kaushikoutdoors.com/admin/gallery/SG_43.jpg
138,1_O50503_thumb_front.jpg,http://kaushikoutdoors.com/admin/gallery/SG_44.jpg
139,1_O50504_thumb_front.jpg,http://kaushikoutdoors.com/admin/gallery/SG_45.jpg
140,1_O50505_thumb_front.jpg,http://kaushikoutdoors.com/admin/gallery/SG_46.jpg
141,1_O50506_thumb_front.jpg,http://kaushikoutdoors.com/admin/gallery/SG_1.jpg
142,1_O50507_thumb_front.jpg,http://kaushikoutdoors.com/admin/gallery/SG_2.jpg
143,\1_O50508_thumb_front.jpg,http://kaushikoutdoors.com/admin/gallery/NG_1.jpg
144,1_O50509_thumb_front.jpg,http://kaushikoutdoors.com/admin/gallery/NG_2.jpg
145,1_O50510_thumb_front.jpg,http://kaushikoutdoors.com/admin/gallery/NG_3.jpg
146,1_O50511_thumb_front.jpg,http://kaushikoutdoors.com/admin/gallery/NG_5.jpg
147,1_O50512_thumb_front.jpg,http://kaushikoutdoors.com/admin/gallery/NG_6.jpg
148,1_O50513_thumb_front.jpg,http://kaushikoutdoors.com/admin/gallery/NG_7.jpg
149,1_O50514_thumb_front.jpg,http://kaushikoutdoors.com/admin/gallery/NG_8.jpg
150,1_O50515_thumb_front.jpg,http://kaushikoutdoors.com/admin/gallery/NG_9.jpg
151,1_O50516_thumb_front.jpg,http://kaushikoutdoors.com/admin/gallery/NG_10.jpg
152,1_O50517_thumb_front.jpg,http://kaushikoutdoors.com/admin/gallery/NG_11.jpg
153,1_O50518_thumb_front.jpg,http://kaushikoutdoors.com/admin/gallery/NG_12.jpg
154,1_O50519_thumb_front.jpg,http://kaushikoutdoors.com/admin/gallery/NG_13.jpg
155,1_O50520_thumb_front.jpg,http://kaushikoutdoors.com/admin/gallery/NG_14.jpg
156,1_O50521_thumb_front.jpg,http://kaushikoutdoors.com/admin/gallery/NG_15.jpg
157,1_O50522_thumb_front.jpg,http://kaushikoutdoors.com/admin/gallery/NG_16.jpg
158,1_O50523_thumb_front.jpg,http://kaushikoutdoors.com/admin/gallery/NG_17.jpg
159,1_O50524_thumb_front.jpg,http://kaushikoutdoors.com/admin/gallery/NG_18.jpg
160,1_O50525_thumb_front.jpg,http://kaushikoutdoors.com/admin/gallery/NG_19.jpg
161,1_O50526_thumb_front.jpg,http://kaushikoutdoors.com/admin/gallery/NG_20.jpg
162,1_O50527_thumb_front.jpg,http://kaushikoutdoors.com/admin/gallery/NG_21.jpg
163,1_O50528_thumb_front.jpg,http://kaushikoutdoors.com/admin/gallery/NG_22.jpg
164,1_O50529_thumb_front.jpg,http://kaushikoutdoors.com/admin/gallery/NG_23.jpg
165,1_O50530_thumb_front.jpg,http://kaushikoutdoors.com/admin/gallery/NG_24.jpg
166,1_O50531_thumb_front.jpg,http://kaushikoutdoors.com/admin/gallery/NG_25.jpg
167,1_O50532_thumb_front.jpg,http://kaushikoutdoors.com/admin/gallery/NG_26.jpg
168,1_O50533_thumb_front.jpg,http://kaushikoutdoors.com/admin/gallery/NG_27.jpg
169,1_O50534_thumb_front.jpg,http://kaushikoutdoors.com/admin/gallery/NG_28.jpg
170,1_O50535_thumb_front.jpg,http://kaushikoutdoors.com/admin/gallery/NG_29.jpg
171,1_O50536_thumb_front.jpg,http://kaushikoutdoors.com/admin/gallery/NG_30.jpg
172,1_O50537_thumb_front.jpg,http://kaushikoutdoors.com/admin/gallery/NG_31_.jpg
173,1_O50538_thumb_front.jpg,http://kaushikoutdoors.com/admin/gallery/NG_32.jpg
174,1_O50539_thumb_front.jpg,http://kaushikoutdoors.com/admin/gallery/NG_33.jpg
175,1_O50540_thumb_front.jpg,http://kaushikoutdoors.com/admin/gallery/NG_34.jpg
176,1_O50541_thumb_front.jpg,http://kaushikoutdoors.com/admin/gallery/NG_35.jpg
177,1_O50542_thumb_front.jpg,http://kaushikoutdoors.com/admin/gallery/NG_36.jpg
178,1_O50543_thumb_front.jpg,http://kaushikoutdoors.com/admin/gallery/NG_37.jpg
179,1_O50544_thumb_front.jpg,http://kaushikoutdoors.com/admin/gallery/NG_38.jpg
180,1_O50545_thumb_front.jpg,http://kaushikoutdoors.com/admin/gallery/NG_39_.jpg
181,1_O50546_thumb_front.jpg,http://kaushikoutdoors.com/admin/gallery/NG_40.jpg
182,1_O50547_thumb_front.jpg,http://kaushikoutdoors.com/admin/gallery/NG_41.jpg
183,1_O50548_thumb_front.jpg,http://kaushikoutdoors.com/admin/gallery/NG_42.jpg
184,1_O50549_thumb_front.jpg,http://kaushikoutdoors.com/admin/gallery/NG_43_.jpg
185,1_O50550_thumb_front.jpg,http://kaushikoutdoors.com/admin/gallery/NG_46.jpg
186,1_O50551_thumb_front.jpg,http://kaushikoutdoors.com/admin/gallery/NG_47.jpg
187,1_O50552_thumb_front.jpg,http://kaushikoutdoors.com/admin/gallery/NG_48.jpg
188,1_O50553_thumb_front.jpg,http://kaushikoutdoors.com/admin/gallery/NG_50.jpg
189,1_O50554_thumb_front.jpg,http://kaushikoutdoors.com/admin/gallery/NG_51.jpg
190,1_O50555_thumb_front.jpg,http://kaushikoutdoors.com/admin/gallery/NG_56.jpg
191,1_O50556_thumb_front.jpg,http://kaushikoutdoors.com/admin/gallery/NG_57.jpg
192,1_O50557_thumb_front.jpg,http://kaushikoutdoors.com/admin/gallery/NG_58.jpg
193,1_O50558_thumb_front.jpg,http://kaushikoutdoors.com/admin/gallery/NG_59.jpg
194,1_O50559_thumb_front.jpg,http://kaushikoutdoors.com/admin/gallery/NG_60_.jpg
195,1_O50560_thumb_front.jpg,http://kaushikoutdoors.com/admin/gallery/NG_61.jpg
196,1_O50561_thumb_front.jpg,http://kaushikoutdoors.com/admin/gallery/NG_62.jpg
197,1_O50562_thumb_front.jpg,http://kaushikoutdoors.com/admin/gallery/NG_63.jpg
198,1_O50563_thumb_front.jpg,http://kaushikoutdoors.com/admin/gallery/NG_66.jpg
199,1_O50564_thumb_front.jpg,http://kaushikoutdoors.com/admin/gallery/NG_67.jpg
200,1_O50565_thumb_front.jpg,http://kaushikoutdoors.com/admin/gallery/NG_68.jpg
201,1_O50566_thumb_front.jpg,http://kaushikoutdoors.com/admin/gallery/NG_69.jpg
202,1_O50567_thumb_front.jpg,http://kaushikoutdoors.com/admin/gallery/NG_70.jpg
203,1_O50568_thumb_front.jpg,http://kaushikoutdoors.com/admin/gallery/NG_71.jpg
204,1_O50569_thumb_front.jpg,http://kaushikoutdoors.com/admin/gallery/NG_72.jpg
205,1_O50570_thumb_front.jpg,http://kaushikoutdoors.com/admin/gallery/NG_73.jpg
206,1_O50571_thumb_front.jpg,http://kaushikoutdoors.com/admin/gallery/NG_74.jpg
207,1_O50572_thumb_front.jpg,http://kaushikoutdoors.com/admin/gallery/NG_78.jpg
208,1_O50573_thumb_front.jpg,http://kaushikoutdoors.com/admin/gallery/NG_79.jpg
209,1_O50574_thumb_front.jpg,http://kaushikoutdoors.com/admin/gallery/NG_80.jpg
210,1_O50575_thumb_front.jpg,http://kaushikoutdoors.com/admin/gallery/NG_81.jpg
211,1_O50576_thumb_front.jpg,http://kaushikoutdoors.com/admin/gallery/NG_82.jpg
212,1_O50577_thumb_front.jpg,http://kaushikoutdoors.com/admin/gallery/NG_83.jpg
213,1_O50578_thumb_front.jpg,http://kaushikoutdoors.com/admin/gallery/NG_84.jpg
214,1_O50579_thumb_front.jpg,http://kaushikoutdoors.com/admin/gallery/NG_85.jpg
215,1_O50580_thumb_front.jpg,http://kaushikoutdoors.com/admin/gallery/NG_86.jpg
216,1_O50581_thumb_front.jpg,http://kaushikoutdoors.com/admin/gallery/NG_87.jpg
217,1_O50582_thumb_front.jpg,http://kaushikoutdoors.com/admin/gallery/NG_88.jpg
218,1_O50583_thumb_front.jpg,http://kaushikoutdoors.com/admin/gallery/NG_89.jpg
219,1_O50584_thumb_front.jpg,http://kaushikoutdoors.com/admin/gallery/NG_90.jpg
220,1_O50585_thumb_front.jpg,http://kaushikoutdoors.com/admin/gallery/NG_91.jpg
221,1_O50586_thumb_front.jpg,http://kaushikoutdoors.com/admin/gallery/NG_92.jpg
222,1_O50587_thumb_front.jpg,http://kaushikoutdoors.com/admin/gallery/NG_98.jpg
223,1_O50588_thumb_front.jpg,http://kaushikoutdoors.com/admin/gallery/NG_99.jpg
224,1_O50589_thumb_front.jpg,http://kaushikoutdoors.com/admin/gallery/NG_76.jpg
225,1_O50590_thumb_front.jpg,http://kaushikoutdoors.com/admin/gallery/NG_77.jpg
226,1_O50591_thumb_front.jpg,http://kaushikoutdoors.com/admin/gallery/NG_101.jpg
227,1_O50592_thumb_front.jpg,http://kaushikoutdoors.com/admin/gallery/NG_102.jpg
228,1_O50593_thumb_front.jpg,http://kaushikoutdoors.com/admin/gallery/NG_103.jpg
229,1_O50594_thumb_front.jpg,http://kaushikoutdoors.com/admin/gallery/NG_32.jpg
230,1_O50595_thumb_front.jpg,http://kaushikoutdoors.com/admin/gallery/NG_33.jpg
231,1_O50596_thumb_front.jpg,http://kaushikoutdoors.com/admin/gallery/BVN_1.jpg
232,1_O50597_thumb_front.jpg,http://kaushikoutdoors.com/admin/gallery/BVN_10.jpg
233,1_O50598_thumb_front.jpg,http://kaushikoutdoors.com/admin/gallery/BVN_100.jpg
234,1_O50599_thumb_front.jpg,http://kaushikoutdoors.com/admin/gallery/BVN_101.jpg
235,1_O50600_thumb_front.jpg,http://kaushikoutdoors.com/admin/gallery/BVN_102.jpg
236,1_O50601_thumb_front.jpg,http://kaushikoutdoors.com/admin/gallery/BVN_103.jpg
237,1_O50602_thumb_front.jpg,http://kaushikoutdoors.com/admin/gallery/BVN_104.jpg
238,1_O50603_thumb_front.jpg,http://kaushikoutdoors.com/admin/gallery/BVN_105.jpg
239,1_O50604_thumb_front.jpg,http://kaushikoutdoors.com/admin/gallery/BVN_106.jpg
240,1_O50605_thumb_front.jpg,http://kaushikoutdoors.com/admin/gallery/BVN_107.jpg
241,1_O50606_thumb_front.jpg,http://kaushikoutdoors.com/admin/gallery/BVN_109.jpg
242,1_O50607_thumb_front.jpg,http://kaushikoutdoors.com/admin/gallery/BVN_11.jpg
243,1_O50608_thumb_front.jpg,http://kaushikoutdoors.com/admin/gallery/BVN_110.jpg
244,1_O50609_thumb_front.jpg,http://kaushikoutdoors.com/admin/gallery/BVN_111.jpg
245,1_O50610_thumb_front.jpg,http://kaushikoutdoors.com/admin/gallery/BVN_112.jpg
246,1_O50611_thumb_front.jpg,http://kaushikoutdoors.com/admin/gallery/BVN_113.jpg
247,1_O50612_thumb_front.jpg,http://kaushikoutdoors.com/admin/gallery/BVN_114.jpg
248,1_O50613_thumb_front.jpg,http://kaushikoutdoors.com/admin/gallery/BVN_115.jpg
249,1_O50614_thumb_front.jpg,http://kaushikoutdoors.com/admin/gallery/BVN_117.jpg
250,1_O50615_thumb_front.jpg,http://kaushikoutdoors.com/admin/gallery/BVN_118.jpg
251,1_O50616_thumb_front.jpg,http://kaushikoutdoors.com/admin/gallery/BVN_12.jpg
252,1_O50617_thumb_front.jpg,http://kaushikoutdoors.com/admin/gallery/BVN_121.jpg
253,1_O50618_thumb_front.jpg,http://kaushikoutdoors.com/admin/gallery/BVN_122.jpg
254,1_O50619_thumb_front.jpg,http://kaushikoutdoors.com/admin/gallery/BVN_125.jpg
255,1_O50620_thumb_front.jpg,http://kaushikoutdoors.com/admin/gallery/BVN_126.jpg
256,1_O50621_thumb_front.jpg,http://kaushikoutdoors.com/admin/gallery/BVN_127.jpg
257,1_O50622_thumb_front.jpg,http://kaushikoutdoors.com/admin/gallery/BVN_128.jpg
258,1_O50623_thumb_front.jpg,http://kaushikoutdoors.com/admin/gallery/BVN_129.jpg
259,1_O50624_thumb_front.jpg,http://kaushikoutdoors.com/admin/gallery/BVN_13.jpg
260,1_O50625_thumb_front.jpg,http://kaushikoutdoors.com/admin/gallery/BVN_130.jpg
261,1_O50626_thumb_front.jpg,http://kaushikoutdoors.com/admin/gallery/BVN_131.jpg
262,1_O50627_thumb_front.jpg,http://kaushikoutdoors.com/admin/gallery/BVN_132.jpg
263,1_O50628_thumb_front.jpg,http://kaushikoutdoors.com/admin/gallery/BVN_133.jpg
264,1_O50629_thumb_front.jpg,http://kaushikoutdoors.com/admin/gallery/BVN_134.jpg
265,1_O50630_thumb_front.jpg,http://kaushikoutdoors.com/admin/gallery/BVN_135.jpg
266,1_O50631_thumb_front.jpg,http://kaushikoutdoors.com/admin/gallery/BVN_136.jpg
267,1_O50632_thumb_front.jpg,http://kaushikoutdoors.com/admin/gallery/BVN_137.jpg
268,1_O50633_thumb_front.jpg,http://kaushikoutdoors.com/admin/gallery/BVN_138.jpg
269,1_O50634_thumb_front.jpg,http://kaushikoutdoors.com/admin/gallery/BVN_14.jpg
270,1_O50635_thumb_front.jpg,http://kaushikoutdoors.com/admin/gallery/BVN_141.jpg
271,1_O50636_thumb_front.jpg,http://kaushikoutdoors.com/admin/gallery/BVN_142.jpg
272,1_O50637_thumb_front.jpg,http://kaushikoutdoors.com/admin/gallery/BVN_143.jpg
273,1_O50638_thumb_front.jpg,http://kaushikoutdoors.com/admin/gallery/BVN_144.jpg
274,1_O50639_thumb_front.jpg,http://kaushikoutdoors.com/admin/gallery/BVN_145.jpg
275,1_O50640_thumb_front.jpg,http://kaushikoutdoors.com/admin/gallery/BVN_146.jpg
276,1_O50641_thumb_front.jpg,http://kaushikoutdoors.com/admin/gallery/BVN_15.jpg
277,1_O50642_thumb_front.jpg,http://kaushikoutdoors.com/admin/gallery/BVN_151.jpg
278,1_O50643_thumb_front.jpg,http://kaushikoutdoors.com/admin/gallery/BVN_152.jpg
279,1_O50644_thumb_front.jpg,http://kaushikoutdoors.com/admin/gallery/BVN_153.jpg
280,1_O50645_thumb_front.jpg,http://kaushikoutdoors.com/admin/gallery/BVN_154.jpg
281,1_O50646_thumb_front.jpg,http://kaushikoutdoors.com/admin/gallery/BVN_155.jpg
282,1_O50647_thumb_front.jpg,http://kaushikoutdoors.com/admin/gallery/BVN_156.jpg
283,1_O50648_thumb_front.jpg,http://kaushikoutdoors.com/admin/gallery/BVN_157.jpg
284,1_O50649_thumb_front.jpg,http://kaushikoutdoors.com/admin/gallery/BVN_158.jpg
285,1_O50650_thumb_front.jpg,http://kaushikoutdoors.com/admin/gallery/BVN_159.jpg
286,1_O50651_thumb_front.jpg,http://kaushikoutdoors.com/admin/gallery/BVN_16.jpg
287,1_O50652_thumb_front.jpg,http://kaushikoutdoors.com/admin/gallery/BVN_160.jpg
288,1_O50653_thumb_front.jpg,http://kaushikoutdoors.com/admin/gallery/BVN_161.jpg
289,1_O50654_thumb_front.jpg,http://kaushikoutdoors.com/admin/gallery/BVN_162.jpg
290,1_O50655_thumb_front.jpg,http://kaushikoutdoors.com/admin/gallery/BVN_163.jpg
291,1_O50656_thumb_front.jpg,http://kaushikoutdoors.com/admin/gallery/BVN_164.jpg
292,1_O50657_thumb_front.jpg,http://kaushikoutdoors.com/admin/gallery/BVN_165.jpg
293,1_O50658_thumb_front.jpg,http://kaushikoutdoors.com/admin/gallery/BVN_166.jpg
294,1_O50659_thumb_front.jpg,http://kaushikoutdoors.com/admin/gallery/BVN_167.jpg
295,1_O50660_thumb_front.jpg,http://kaushikoutdoors.com/admin/gallery/BVN_168.jpg
296,1_O50661_thumb_front.jpg,http://kaushikoutdoors.com/admin/gallery/BVN_169.jpg
297,1_O50662_thumb_front.jpg,http://kaushikoutdoors.com/admin/gallery/BVN_17.jpg
298,1_O50663_thumb_front.jpg,http://kaushikoutdoors.com/admin/gallery/BVN_170.jpg
299,1_O50664_thumb_front.jpg,http://kaushikoutdoors.com/admin/gallery/BVN_171.jpg
300,1_O50665_thumb_front.jpg,http://kaushikoutdoors.com/admin/gallery/BVN_172.jpg
301,1_O50666_thumb_front.jpg,http://kaushikoutdoors.com/admin/gallery/BVN_173.jpg
302,1_O50667_thumb_front.jpg,http://kaushikoutdoors.com/admin/gallery/BVN_174.jpg
303,1_O50668_thumb_front.jpg,http://kaushikoutdoors.com/admin/gallery/BVN_175.jpg
304,1_O50669_thumb_front.jpg,http://kaushikoutdoors.com/admin/gallery/BVN_176.jpg
305,1_O50670_thumb_front.jpg,http://kaushikoutdoors.com/admin/gallery/BVN_177.jpg
306,1_O50671_thumb_front.jpg,http://kaushikoutdoors.com/admin/gallery/BVN_178.jpg
307,1_O50672_thumb_front.jpg,http://kaushikoutdoors.com/admin/gallery/BVN_179.jpg
308,1_O50673_thumb_front.jpg,http://kaushikoutdoors.com/admin/gallery/BVN_18.jpg
309,1_O50674_thumb_front.jpg,http://kaushikoutdoors.com/admin/gallery/BVN_180.jpg
310,1_O50675_thumb_front.jpg,http://kaushikoutdoors.com/admin/gallery/BVN_181.jpg
311,1_O50676_thumb_front.jpg,http://kaushikoutdoors.com/admin/gallery/BVN_182.jpg
312,1_O50677_thumb_front.jpg,http://kaushikoutdoors.com/admin/gallery/BVN_183.jpg
313,1_O50678_thumb_front.jpg,http://kaushikoutdoors.com/admin/gallery/BVN_184.jpg
314,1_O50679_thumb_front.jpg,http://kaushikoutdoors.com/admin/gallery/BVN_19.jpg
315,1_O50680_thumb_front.jpg,http://kaushikoutdoors.com/admin/gallery/BVN_2.jpg
316,1_O50681_thumb_front.jpg,http://kaushikoutdoors.com/admin/gallery/BVN_20.jpg
317,1_O50682_thumb_front.jpg,http://kaushikoutdoors.com/admin/gallery/BVN_28.jpg
318,1_O50683_thumb_front.jpg,http://kaushikoutdoors.com/admin/gallery/BVN_29.jpg
319,1_O50684_thumb_front.jpg,http://kaushikoutdoors.com/admin/gallery/BVN_3.jpg
320,1_O50685_thumb_front.jpg,http://kaushikoutdoors.com/admin/gallery/BVN_30.jpg
321,1_O50686_thumb_front.jpg,http://kaushikoutdoors.com/admin/gallery/BVN_31.jpg
322,1_O50687_thumb_front.jpg,http://kaushikoutdoors.com/admin/gallery/BVN_32.jpg
323,1_O50688_thumb_front.jpg,http://kaushikoutdoors.com/admin/gallery/BVN_34.jpg
324,1_O50689_thumb_front.jpg,http://kaushikoutdoors.com/admin/gallery/BVN_35.jpg
325,1_O50690_thumb_front.jpg,http://kaushikoutdoors.com/admin/gallery/BVN_36.jpg
326,1_O50691_thumb_front.jpg,http://kaushikoutdoors.com/admin/gallery/BVN_37.jpg
327,1_O50692_thumb_front.jpg,http://kaushikoutdoors.com/admin/gallery/BVN_38.jpg
328,1_O50693_thumb_front.jpg,http://kaushikoutdoors.com/admin/gallery/BVN_39.jpg
329,1_O50694_thumb_front.jpg,http://kaushikoutdoors.com/admin/gallery/BVN_4.jpg
330,1_O50695_thumb_front.jpg,http://kaushikoutdoors.com/admin/gallery/BVN_40.jpg
331,1_O50696_thumb_front.jpg,http://kaushikoutdoors.com/admin/gallery/BVN_41.jpg
332,1_O50697_thumb_front.jpg,http://kaushikoutdoors.com/admin/gallery/BVN_42.jpg
333,1_O50698_thumb_front.jpg,http://kaushikoutdoors.com/admin/gallery/BVN_43.jpg
334,1_O50699_thumb_front.jpg,http://kaushikoutdoors.com/admin/gallery/BVN_44.jpg
335,1_O50700_thumb_front.jpg,http://kaushikoutdoors.com/admin/gallery/BVN_45.jpg
336,1_O50701_thumb_front.jpg,http://kaushikoutdoors.com/admin/gallery/BVN_46.jpg
337,1_O50702_thumb_front.jpg,http://kaushikoutdoors.com/admin/gallery/BVN_47.jpg
338,1_O50703_thumb_front.jpg,http://kaushikoutdoors.com/admin/gallery/BVN_48.jpg
339,1_O50704_thumb_front.jpg,http://kaushikoutdoors.com/admin/gallery/BVN_49.jpg
340,1_O50705_thumb_front.jpg,http://kaushikoutdoors.com/admin/gallery/BVN_5.jpg
341,1_O50706_thumb_front.jpg,http://kaushikoutdoors.com/admin/gallery/BVN_50.jpg
342,1_O50707_thumb_front.jpg,http://kaushikoutdoors.com/admin/gallery/BVN_53.jpg
343,1_O50708_thumb_front.jpg,http://kaushikoutdoors.com/admin/gallery/BVN_54.jpg
344,1_O50709_thumb_front.jpg,http://kaushikoutdoors.com/admin/gallery/BVN_55.jpg
345,1_O50710_thumb_front.jpg,http://kaushikoutdoors.com/admin/gallery/BVN_56.jpg
346,1_O50711_thumb_front.jpg,http://kaushikoutdoors.com/admin/gallery/BVN_57.jpg
347,1_O50712_thumb_front.jpg,http://kaushikoutdoors.com/admin/gallery/BVN_6.jpg
348,1_O50713_thumb_front.jpg,http://kaushikoutdoors.com/admin/gallery/BVN_64.jpg
349,1_O50714_thumb_front.jpg,http://kaushikoutdoors.com/admin/gallery/BVN_65.jpg
350,1_O50715_thumb_front.jpg,http://kaushikoutdoors.com/admin/gallery/BVN_66.jpg
351,1_O50716_thumb_front.jpg,http://kaushikoutdoors.com/admin/gallery/BVN_68.jpg
352,1_O50717_thumb_front.jpg,http://kaushikoutdoors.com/admin/gallery/BVN_7.jpg
353,1_O50718_thumb_front.jpg,http://kaushikoutdoors.com/admin/gallery/BVN_76.jpg
354,1_O50719_thumb_front.jpg,http://kaushikoutdoors.com/admin/gallery/BVN_77.jpg
355,1_O50720_thumb_front.jpg,http://kaushikoutdoors.com/admin/gallery/BVN_78.jpg
356,1_O50721_thumb_front.jpg,http://kaushikoutdoors.com/admin/gallery/BVN_79.jpg
357,1_O50722_thumb_front.jpg,http://kaushikoutdoors.com/admin/gallery/BVN_8.jpg
358,1_O50723_thumb_front.jpg,http://kaushikoutdoors.com/admin/gallery/BVN_82.jpg
359,1_O50724_thumb_front.jpg,http://kaushikoutdoors.com/admin/gallery/BVN_83.jpg
360,1_O50725_thumb_front.jpg,http://kaushikoutdoors.com/admin/gallery/BVN_84.jpg
361,1_O50726_thumb_front.jpg,http://kaushikoutdoors.com/admin/gallery/BVN_85.jpg
362,1_O50727_thumb_front.jpg,http://kaushikoutdoors.com/admin/gallery/BVN_87.jpg
363,1_O50728_thumb_front.jpg,http://kaushikoutdoors.com/admin/gallery/BVN_88.jpg
364,1_O50729_thumb_front.jpg,http://kaushikoutdoors.com/admin/gallery/BVN_89.jpg
365,1_O50730_thumb_front.jpg,http://kaushikoutdoors.com/admin/gallery/BVN_9.jpg
366,1_O50731_thumb_front.jpg,http://kaushikoutdoors.com/admin/gallery/BVN_90.jpg
367,1_O50732_thumb_front.jpg,http://kaushikoutdoors.com/admin/gallery/BVN_91.jpg
368,1_O50733_thumb_front.jpg,http://kaushikoutdoors.com/admin/gallery/BVN_92.jpg
369,1_O50734_thumb_front.jpg,http://kaushikoutdoors.com/admin/gallery/BVN_93.jpg
370,1_O50735_thumb_front.jpg,http://kaushikoutdoors.com/admin/gallery/BVN_94.jpg
371,1_O50736_thumb_front.jpg,http://kaushikoutdoors.com/admin/gallery/BVN_95.jpg
372,1_O50737_thumb_front.jpg,http://kaushikoutdoors.com/admin/gallery/BVN_96.jpg
373,1_O50738_thumb_front.jpg,http://kaushikoutdoors.com/admin/gallery/BVN_97.jpg
374,1_O50739_thumb_front.jpg,http://kaushikoutdoors.com/admin/gallery/BVNI_1.jpg
375,1_O50740_thumb_front.jpg,http://kaushikoutdoors.com/admin/gallery/BVNI_2.jpg
376,1_O50741_thumb_front.jpg,http://kaushikoutdoors.com/admin/gallery/BVNI_3.jpg
377,1_O50742_thumb_front.jpg,http://kaushikoutdoors.com/admin/gallery/BVNI_4.jpg
378,1_O50743_thumb_front.jpg,http://kaushikoutdoors.com/admin/gallery/BVNI_5.jpg
379,1_O50744_thumb_front.jpg,http://kaushikoutdoors.com/admin/gallery/BVNI_6.jpg
380,1_O50745_thumb_front.jpg,http://kaushikoutdoors.com/admin/gallery/AHM_10.jpg
381,1_O50746_thumb_front.jpg,http://kaushikoutdoors.com/admin/gallery/AHM_100.jpg
382,1_O50747_thumb_front.jpg,http://kaushikoutdoors.com/admin/gallery/AHM_101.jpg
383,1_O50748_thumb_front.jpg,http://kaushikoutdoors.com/admin/gallery/AHM_102.jpg
384,1_O50749_thumb_front.jpg,http://kaushikoutdoors.com/admin/gallery/AHM_103.jpg
385,1_O50750_thumb_front.jpg,http://kaushikoutdoors.com/admin/gallery/AHM_104.jpg
386,1_O50751_thumb_front.jpg,http://kaushikoutdoors.com/admin/gallery/AHM_105.jpg
387,1_O50752_thumb_front.jpg,http://kaushikoutdoors.com/admin/gallery/AHM_106.jpg
388,1_O50753_thumb_front.jpg,http://kaushikoutdoors.com/admin/gallery/AHM_107.jpg
389,1_O50754_thumb_front.jpg,http://kaushikoutdoors.com/admin/gallery/AHM_108.jpg
390,1_O50755_thumb_front.jpg,http://kaushikoutdoors.com/admin/gallery/AHM_109.jpg
391,1_O50756_thumb_front.jpg,http://kaushikoutdoors.com/admin/gallery/AHM_11.jpg
392,1_O50757_thumb_front.jpg,http://kaushikoutdoors.com/admin/gallery/AHM_110.jpg
393,1_O50758_thumb_front.jpg,http://kaushikoutdoors.com/admin/gallery/AHM_111.jpg
394,1_O50759_thumb_front.jpg,http://kaushikoutdoors.com/admin/gallery/AHM_112.jpg
395,1_O50760_thumb_front.jpg,http://kaushikoutdoors.com/admin/gallery/AHM_113.jpg
396,1_O50761_thumb_front.jpg,http://kaushikoutdoors.com/admin/gallery/AHM_119.jpg
397,1_O50762_thumb_front.jpg,http://kaushikoutdoors.com/admin/gallery/AHM_120.jpg
398,1_O50763_thumb_front.jpg,http://kaushikoutdoors.com/admin/gallery/AHM_121.jpg
399,1_O50764_thumb_front.jpg,http://kaushikoutdoors.com/admin/gallery/AHM_122.jpg
400,1_O50765_thumb_front.jpg,http://kaushikoutdoors.com/admin/gallery/AHM_123.jpg
401,1_O50766_thumb_front.jpg,http://kaushikoutdoors.com/admin/gallery/AHM_124.jpg
402,1_O50767_thumb_front.jpg,http://kaushikoutdoors.com/admin/gallery/AHM_125.jpg
403,1_O50768_thumb_front.jpg,http://kaushikoutdoors.com/admin/gallery/AHM_126.jpg
404,1_O50769_thumb_front.jpg,http://kaushikoutdoors.com/admin/gallery/AHM_127.jpg
405,1_O50770_thumb_front.jpg,http://kaushikoutdoors.com/admin/gallery/AHM_128.jpg
406,1_O50771_thumb_front.jpg,http://kaushikoutdoors.com/admin/gallery/AHM_129.jpg
407,1_O50772_thumb_front.jpg,http://kaushikoutdoors.com/admin/gallery/AHM_130.jpg
408,1_O50773_thumb_front.jpg,http://kaushikoutdoors.com/admin/gallery/AHM_131.jpg
409,1_O50774_thumb_front.jpg,http://kaushikoutdoors.com/admin/gallery/AHM_132.jpg
410,1_O50775_thumb_front.jpg,http://kaushikoutdoors.com/admin/gallery/AHM_133.jpg
411,1_O50776_thumb_front.jpg,http://kaushikoutdoors.com/admin/gallery/AHM_134.jpg
412,1_O50777_thumb_front.jpg,http://kaushikoutdoors.com/admin/gallery/AHM_135.jpg
413,1_O50778_thumb_front.jpg,http://kaushikoutdoors.com/admin/gallery/AHM_136.jpg
414,1_O50779_thumb_front.jpg,http://kaushikoutdoors.com/admin/gallery/AHM_137.jpg
415,1_O50780_thumb_front.jpg,http://kaushikoutdoors.com/admin/gallery/AHM_138.jpg
416,1_O50781_thumb_front.jpg,http://kaushikoutdoors.com/admin/gallery/AHM_139.jpg
417,1_O50782_thumb_front.jpg,http://kaushikoutdoors.com/admin/gallery/AHM_14.jpg
418,1_O50783_thumb_front.jpg,http://kaushikoutdoors.com/admin/gallery/AHM_140.jpg
419,1_O50784_thumb_front.jpg,http://kaushikoutdoors.com/admin/gallery/AHM_144.jpg
420,1_O50785_thumb_front.jpg,http://kaushikoutdoors.com/admin/gallery/AHM_145.jpg
421,1_O50786_thumb_front.jpg,http://kaushikoutdoors.com/admin/gallery/AHM_146.jpg
422,1_O50787_thumb_front.jpg,http://kaushikoutdoors.com/admin/gallery/AHM_15.jpg
423,1_O50788_thumb_front.jpg,http://kaushikoutdoors.com/admin/gallery/AHM_150.jpg
424,1_O50789_thumb_front.jpg,http://kaushikoutdoors.com/admin/gallery/AHM_151.jpg
425,1_O50790_thumb_front.jpg,http://kaushikoutdoors.com/admin/gallery/AHM_152.jpg
426,1_O50791_thumb_front.jpg,http://kaushikoutdoors.com/admin/gallery/AHM_153.jpg
427,1_O50792_thumb_front.jpg,http://kaushikoutdoors.com/admin/gallery/AHM_156.jpg
428,1_O50793_thumb_front.jpg,http://kaushikoutdoors.com/admin/gallery/AHM_157.jpg
429,1_O50794_thumb_front.jpg,http://kaushikoutdoors.com/admin/gallery/AHM_158.jpg
430,1_O50795_thumb_front.jpg,http://kaushikoutdoors.com/admin/gallery/AHM_159.jpg
431,1_O50796_thumb_front.jpg,http://kaushikoutdoors.com/admin/gallery/AHM_16.jpg
432,1_O50797_thumb_front.jpg,http://kaushikoutdoors.com/admin/gallery/AHM_160.jpg
433,1_O50798_thumb_front.jpg,http://kaushikoutdoors.com/admin/gallery/AHM_161.jpg
434,1_O50799_thumb_front.jpg,http://kaushikoutdoors.com/admin/gallery/AHM_162.jpg
435,1_O50800_thumb_front.jpg,http://kaushikoutdoors.com/admin/gallery/AHM_163.jpg
436,1_O50801_thumb_front.jpg,http://kaushikoutdoors.com/admin/gallery/AHM_164.jpg
437,1_O50802_thumb_front.jpg,http://kaushikoutdoors.com/admin/gallery/AHM_165.jpg
438,1_O50803_thumb_front.jpg,http://kaushikoutdoors.com/admin/gallery/AHM_166.jpg
439,1_O50804_thumb_front.jpg,http://kaushikoutdoors.com/admin/gallery/AHM_167.jpg
440,1_O50805_thumb_front.jpg,http://kaushikoutdoors.com/admin/gallery/AHM_168.jpg
441,1_O50806_thumb_front.jpg,http://kaushikoutdoors.com/admin/gallery/AHM_17.jpg
442,1_O50807_thumb_front.jpg,http://kaushikoutdoors.com/admin/gallery/AHM_173.jpg
443,1_O50808_thumb_front.jpg,http://kaushikoutdoors.com/admin/gallery/AHM_174.jpg
444,1_O50809_thumb_front.jpg,http://kaushikoutdoors.com/admin/gallery/AHM_175.jpg
445,1_O50810_thumb_front.jpg,http://kaushikoutdoors.com/admin/gallery/AHM_176.jpg
446,1_O50811_thumb_front.jpg,http://kaushikoutdoors.com/admin/gallery/AHM_177.jpg
447,1_O50812_thumb_front.jpg,http://kaushikoutdoors.com/admin/gallery/AHM_178.jpg
448,1_O50813_thumb_front.jpg,http://kaushikoutdoors.com/admin/gallery/AHM_179.jpg
449,1_O50814_thumb_front.jpg,http://kaushikoutdoors.com/admin/gallery/AHM_18.jpg
450,1_O50815_thumb_front.jpg,http://kaushikoutdoors.com/admin/gallery/AHM_180.jpg
451,1_O50816_thumb_front.jpg,http://kaushikoutdoors.com/admin/gallery/AHM_181.jpg
452,1_O50817_thumb_front.jpg,http://kaushikoutdoors.com/admin/gallery/AHM_182.jpg
453,1_O50818_thumb_front.jpg,http://kaushikoutdoors.com/admin/gallery/AHM_183.jpg
454,1_O50819_thumb_front.jpg,http://kaushikoutdoors.com/admin/gallery/AHM_184.jpg
455,1_O50820_thumb_front.jpg,http://kaushikoutdoors.com/admin/gallery/AHM_186.jpg
456,1_O50821_thumb_front.jpg,http://kaushikoutdoors.com/admin/gallery/AHM_187.jpg
457,1_O50822_thumb_front.jpg,http://kaushikoutdoors.com/admin/gallery/AHM_189.jpg
458,1_O50823_thumb_front.jpg,http://kaushikoutdoors.com/admin/gallery/AHM_19.jpg
459,1_O50824_thumb_front.jpg,http://kaushikoutdoors.com/admin/gallery/AHM_190.jpg
460,1_O50825_thumb_front.jpg,http://kaushikoutdoors.com/admin/gallery/AHM_191.jpg
461,1_O50826_thumb_front.jpg,http://kaushikoutdoors.com/admin/gallery/AHM_192.jpg
462,1_O50827_thumb_front.jpg,http://kaushikoutdoors.com/admin/gallery/AHM_193.jpg
463,1_O50828_thumb_front.jpg,http://kaushikoutdoors.com/admin/gallery/AHM_194.jpg
464,1_O50829_thumb_front.jpg,http://kaushikoutdoors.com/admin/gallery/AHM_195.jpg
465,1_O50830_thumb_front.jpg,http://kaushikoutdoors.com/admin/gallery/AHM_196.jpg
466,1_O50831_thumb_front.jpg,http://kaushikoutdoors.com/admin/gallery/AHM_197.jpg
467,1_O50832_thumb_front.jpg,http://kaushikoutdoors.com/admin/gallery/AHM_199.jpg
468,1_O50833_thumb_front.jpg,http://kaushikoutdoors.com/admin/gallery/AHM_2.jpg
469,1_O50834_thumb_front.jpg,http://kaushikoutdoors.com/admin/gallery/AHM_20.jpg
470,1_O50835_thumb_front.jpg,http://kaushikoutdoors.com/admin/gallery/AHM_200.jpg
471,1_O50836_thumb_front.jpg,http://kaushikoutdoors.com/admin/gallery/AHM_201.jpg
472,1_O50837_thumb_front.jpg,http://kaushikoutdoors.com/admin/gallery/AHM_202.jpg
473,1_O50838_thumb_front.jpg,http://kaushikoutdoors.com/admin/gallery/AHM_203.jpg
474,1_O50839_thumb_front.jpg,http://kaushikoutdoors.com/admin/gallery/AHM_204.jpg
475,1_O50840_thumb_front.jpg,http://kaushikoutdoors.com/admin/gallery/AHM_205.jpg
476,1_O50841_thumb_front.jpg,http://kaushikoutdoors.com/admin/gallery/AHM_206.jpg
477,1_O50842_thumb_front.jpg,http://kaushikoutdoors.com/admin/gallery/AHM_207.jpg
478,1_O50843_thumb_front.jpg,http://kaushikoutdoors.com/admin/gallery/AHM_208.jpg
479,1_O50844_thumb_front.jpg,http://kaushikoutdoors.com/admin/gallery/AHM_21.jpg
480,1_O50845_thumb_front.jpg,http://kaushikoutdoors.com/admin/gallery/AHM_211.jpg
481,1_O50846_thumb_front.jpg,http://kaushikoutdoors.com/admin/gallery/AHM_212.jpg
482,1_O50847_thumb_front.jpg,http://kaushikoutdoors.com/admin/gallery/AHM_213.jpg
483,1_O50848_thumb_front.jpg,http://kaushikoutdoors.com/admin/gallery/AHM_214.jpg
484,1_O50849_thumb_front.jpg,http://kaushikoutdoors.com/admin/gallery/AHM_215.jpg
485,1_O50850_thumb_front.jpg,http://kaushikoutdoors.com/admin/gallery/AHM_216.jpg
486,1_O50851_thumb_front.jpg,http://kaushikoutdoors.com/admin/gallery/AHM_217.jpg
487,1_O50852_thumb_front.jpg,http://kaushikoutdoors.com/admin/gallery/AHM_218.jpg
488,1_O50853_thumb_front.jpg,http://kaushikoutdoors.com/admin/gallery/AHM_219.jpg
489,1_O50854_thumb_front.jpg,http://kaushikoutdoors.com/admin/gallery/AHM_22.jpg
490,1_O50855_thumb_front.jpg,http://kaushikoutdoors.com/admin/gallery/AHM_220.jpg
491,1_O50856_thumb_front.jpg,http://kaushikoutdoors.com/admin/gallery/AHM_221.jpg
492,1_O50857_thumb_front.jpg,http://kaushikoutdoors.com/admin/gallery/AHM_222.jpg
493,1_O50858_thumb_front.jpg,http://kaushikoutdoors.com/admin/gallery/AHM_223.jpg
494,1_O50859_thumb_front.jpg,http://kaushikoutdoors.com/admin/gallery/AHM_224.jpg
495,1_O50860_thumb_front.jpg,http://kaushikoutdoors.com/admin/gallery/AHM_225.jpg
496,1_O50861_thumb_front.jpg,http://kaushikoutdoors.com/admin/gallery/AHM_226.jpg
497,1_O50862_thumb_front.jpg,http://kaushikoutdoors.com/admin/gallery/AHM_227.jpg
498,1_O50863_thumb_front.jpg,http://kaushikoutdoors.com/admin/gallery/AHM_228.jpg
499,1_O50864_thumb_front.jpg,http://kaushikoutdoors.com/admin/gallery/AHM_229.jpg
500,1_O50865_thumb_front.jpg,http://kaushikoutdoors.com/admin/gallery/AHM_23.jpg
501,1_O50866_thumb_front.jpg,http://kaushikoutdoors.com/admin/gallery/AHM_230.jpg
502,1_O50867_thumb_front.jpg,http://kaushikoutdoors.com/admin/gallery/AHM_231.jpg
503,1_O50868_thumb_front.jpg,http://kaushikoutdoors.com/admin/gallery/AHM_233.jpg
504,1_O50869_thumb_front.jpg,http://kaushikoutdoors.com/admin/gallery/AHM_234.jpg
505,1_O50870_thumb_front.jpg,http://kaushikoutdoors.com/admin/gallery/AHM_235.jpg
506,1_O50871_thumb_front.jpg,http://kaushikoutdoors.com/admin/gallery/AHM_236.jpg
507,1_O50872_thumb_front.jpg,http://kaushikoutdoors.com/admin/gallery/AHM_237.jpg
508,1_O50873_thumb_front.jpg,http://kaushikoutdoors.com/admin/gallery/AHM_238.jpg
509,1_O50874_thumb_front.jpg,http://kaushikoutdoors.com/admin/gallery/AHM_239.jpg
510,1_O50875_thumb_front.jpg,http://kaushikoutdoors.com/admin/gallery/AHM_24.jpg
511,1_O50876_thumb_front.jpg,http://kaushikoutdoors.com/admin/gallery/AHM_240.jpg
512,1_O50877_thumb_front.jpg,http://kaushikoutdoors.com/admin/gallery/AHM_243.jpg
513,1_O50878_thumb_front.jpg,http://kaushikoutdoors.com/admin/gallery/AHM_244.jpg
514,1_O50879_thumb_front.jpg,http://kaushikoutdoors.com/admin/gallery/AHM_247.jpg
515,1_O50880_thumb_front.jpg,http://kaushikoutdoors.com/admin/gallery/AHM_248.jpg
516,1_O50881_thumb_front.jpg,http://kaushikoutdoors.com/admin/gallery/AHM_249.jpg
517,1_O50882_thumb_front.jpg,http://kaushikoutdoors.com/admin/gallery/AHM_250.jpg
518,1_O50883_thumb_front.jpg,http://kaushikoutdoors.com/admin/gallery/AHM_251.jpg
519,1_O50884_thumb_front.jpg,http://kaushikoutdoors.com/admin/gallery/AHM_252.jpg
520,1_O50885_thumb_front.jpg,http://kaushikoutdoors.com/admin/gallery/AHM_253.jpg
521,1_O50886_thumb_front.jpg,http://kaushikoutdoors.com/admin/gallery/AHM_258.jpg
522,1_O50887_thumb_front.jpg,http://kaushikoutdoors.com/admin/gallery/AHM_259.jpg
523,1_O50888_thumb_front.jpg,http://kaushikoutdoors.com/admin/gallery/AHM_26.jpg
524,1_O50889_thumb_front.jpg,http://kaushikoutdoors.com/admin/gallery/AHM_260.jpg
525,1_O50890_thumb_front.jpg,http://kaushikoutdoors.com/admin/gallery/AHM_262.jpg
526,1_O50891_thumb_front.jpg,http://kaushikoutdoors.com/admin/gallery/AHM_263.jpg
527,1_O50892_thumb_front.jpg,http://kaushikoutdoors.com/admin/gallery/AHM_264.jpg
528,1_O50893_thumb_front.jpg,http://kaushikoutdoors.com/admin/gallery/AHM_27.jpg
529,1_O50894_thumb_front.jpg,http://kaushikoutdoors.com/admin/gallery/AHM_270.jpg
530,1_O50895_thumb_front.jpg,http://kaushikoutdoors.com/admin/gallery/AHM_271.jpg
531,1_O50896_thumb_front.jpg,http://kaushikoutdoors.com/admin/gallery/AHM_272.jpg
532,1_O50897_thumb_front.jpg,http://kaushikoutdoors.com/admin/gallery/AHM_273.jpg
533,1_O50898_thumb_front.jpg,http://kaushikoutdoors.com/admin/gallery/AHM_274.jpg
534,1_O50899_thumb_front.jpg,http://kaushikoutdoors.com/admin/gallery/AHM_275.jpg
535,1_O50900_thumb_front.jpg,http://kaushikoutdoors.com/admin/gallery/AHM_276.jpg
536,1_O50901_thumb_front.jpg,http://kaushikoutdoors.com/admin/gallery/AHM_277.jpg
537,1_O50902_thumb_front.jpg,http://kaushikoutdoors.com/admin/gallery/AHM_278.jpg
538,1_O50903_thumb_front.jpg,http://kaushikoutdoors.com/admin/gallery/AHM_279.jpg
539,1_O50904_thumb_front.jpg,http://kaushikoutdoors.com/admin/gallery/AHM_28.jpg
540,1_O50905_thumb_front.jpg,http://kaushikoutdoors.com/admin/gallery/AHM_280.jpg
541,1_O50906_thumb_front.jpg,http://kaushikoutdoors.com/admin/gallery/AHM_281.jpg
542,1_O50907_thumb_front.jpg,http://kaushikoutdoors.com/admin/gallery/AHM_284.jpg
543,1_O50908_thumb_front.jpg,http://kaushikoutdoors.com/admin/gallery/AHM_285.jpg
544,1_O50909_thumb_front.jpg,http://kaushikoutdoors.com/admin/gallery/AHM_286.jpg
545,1_O50910_thumb_front.jpg,http://kaushikoutdoors.com/admin/gallery/AHM_287.jpg
546,1_O50911_thumb_front.jpg,http://kaushikoutdoors.com/admin/gallery/AHM_288.jpg
547,1_O50912_thumb_front.jpg,http://kaushikoutdoors.com/admin/gallery/AHM_289.jpg
548,1_O50913_thumb_front.jpg,http://kaushikoutdoors.com/admin/gallery/AHM_29.jpg
549,1_O50914_thumb_front.jpg,http://kaushikoutdoors.com/admin/gallery/AHM_290.jpg
550,1_O50915_thumb_front.jpg,http://kaushikoutdoors.com/admin/gallery/AHM_292.jpg
551,1_O50916_thumb_front.jpg,http://kaushikoutdoors.com/admin/gallery/AHM_293.jpg
552,1_O50917_thumb_front.jpg,http://kaushikoutdoors.com/admin/gallery/AHM_294.jpg
553,1_O50918_thumb_front.jpg,http://kaushikoutdoors.com/admin/gallery/AHM_295.jpg
554,1_O50919_thumb_front.jpg,http://kaushikoutdoors.com/admin/gallery/AHM_296.jpg
555,1_O50920_thumb_front.jpg,http://kaushikoutdoors.com/admin/gallery/AHM_297.jpg
556,1_O50921_thumb_front.jpg,http://kaushikoutdoors.com/admin/gallery/AHM_298.jpg
557,1_O50922_thumb_front.jpg,http://kaushikoutdoors.com/admin/gallery/AHM_299.jpg
558,1_O50923_thumb_front.jpg,http://kaushikoutdoors.com/admin/gallery/AHM_3.jpg
559,1_O50924_thumb_front.jpg,http://kaushikoutdoors.com/admin/gallery/AHM_30.jpg
560,1_O50925_thumb_front.jpg,http://kaushikoutdoors.com/admin/gallery/AHM_300.jpg
561,1_O50926_thumb_front.jpg,http://kaushikoutdoors.com/admin/gallery/AHM_301.jpg
562,1_O50927_thumb_front.jpg,http://kaushikoutdoors.com/admin/gallery/AHM_302.jpg
563,1_O50928_thumb_front.jpg,http://kaushikoutdoors.com/admin/gallery/AHM_303.jpg
564,1_O50929_thumb_front.jpg,http://kaushikoutdoors.com/admin/gallery/AHM_305.jpg
565,1_O50930_thumb_front.jpg,http://kaushikoutdoors.com/admin/gallery/AHM_306.jpg
566,1_O50931_thumb_front.jpg,http://kaushikoutdoors.com/admin/gallery/AHM_307.jpg
567,1_O50932_thumb_front.jpg,http://kaushikoutdoors.com/admin/gallery/AHM_309.jpg
568,1_O50933_thumb_front.jpg,http://kaushikoutdoors.com/admin/gallery/AHM_31.jpg
569,1_O50934_thumb_front.jpg,http://kaushikoutdoors.com/admin/gallery/AHM_310.jpg
570,1_O50935_thumb_front.jpg,http://kaushikoutdoors.com/admin/gallery/AHM_311.jpg
571,1_O50936_thumb_front.jpg,http://kaushikoutdoors.com/admin/gallery/AHM_312.jpg
572,1_O50937_thumb_front.jpg,http://kaushikoutdoors.com/admin/gallery/AHM_313.jpg
573,1_O50938_thumb_front.jpg,http://kaushikoutdoors.com/admin/gallery/AHM_314.jpg
574,1_O50939_thumb_front.jpg,http://kaushikoutdoors.com/admin/gallery/AHM_315.jpg
575,1_O50940_thumb_front.jpg,http://kaushikoutdoors.com/admin/gallery/AHM_316.jpg
576,1_O50941_thumb_front.jpg,http://kaushikoutdoors.com/admin/gallery/AHM_317.jpg
577,1_O50942_thumb_front.jpg,http://kaushikoutdoors.com/admin/gallery/AHM_318.jpg
578,1_O50943_thumb_front.jpg,http://kaushikoutdoors.com/admin/gallery/AHM_319.jpg
579,1_O50944_thumb_front.jpg,http://kaushikoutdoors.com/admin/gallery/AHM_32.jpg
580,1_O50945_thumb_front.jpg,http://kaushikoutdoors.com/admin/gallery/AHM_320.jpg
581,1_O50946_thumb_front.jpg,http://kaushikoutdoors.com/admin/gallery/AHM_321.jpg
582,1_O50947_thumb_front.jpg,http://kaushikoutdoors.com/admin/gallery/AHM_322.jpg
583,1_O50948_thumb_front.jpg,http://kaushikoutdoors.com/admin/gallery/AHM_323.jpg
584,1_O50949_thumb_front.jpg,http://kaushikoutdoors.com/admin/gallery/AHM_324.jpg
585,1_O50950_thumb_front.jpg,http://kaushikoutdoors.com/admin/gallery/AHM_326.jpg
586,1_O50951_thumb_front.jpg,http://kaushikoutdoors.com/admin/gallery/AHM_327.jpg
587,1_O50952_thumb_front.jpg,http://kaushikoutdoors.com/admin/gallery/AHM_328.jpg
588,1_O50953_thumb_front.jpg,http://kaushikoutdoors.com/admin/gallery/AHM_33.jpg
589,1_O50954_thumb_front.jpg,http://kaushikoutdoors.com/admin/gallery/AHM_331.jpg
590,1_O50955_thumb_front.jpg,http://kaushikoutdoors.com/admin/gallery/AHM_332.jpg
591,1_O50956_thumb_front.jpg,http://kaushikoutdoors.com/admin/gallery/AHM_333.jpg
592,1_O50957_thumb_front.jpg,http://kaushikoutdoors.com/admin/gallery/AHM_334.jpg
593,1_O50958_thumb_front.jpg,http://kaushikoutdoors.com/admin/gallery/AHM_335.jpg
594,1_O50959_thumb_front.jpg,http://kaushikoutdoors.com/admin/gallery/AHM_336.jpg
595,1_O50960_thumb_front.jpg,http://kaushikoutdoors.com/admin/gallery/AHM_337.jpg
596,1_O50961_thumb_front.jpg,http://kaushikoutdoors.com/admin/gallery/AHM_338.jpg
597,1_O50962_thumb_front.jpg,http://kaushikoutdoors.com/admin/gallery/AHM_339.jpg
598,1_O50963_thumb_front.jpg,http://kaushikoutdoors.com/admin/gallery/AHM_34.jpg
599,1_O50964_thumb_front.jpg,http://kaushikoutdoors.com/admin/gallery/AHM_340.jpg
600,1_O50965_thumb_front.jpg,http://kaushikoutdoors.com/admin/gallery/AHM_342.jpg
601,1_O50966_thumb_front.jpg,http://kaushikoutdoors.com/admin/gallery/AHM_343.jpg
602,1_O50967_thumb_front.jpg,http://kaushikoutdoors.com/admin/gallery/AHM_344.jpg
603,1_O50968_thumb_front.jpg,http://kaushikoutdoors.com/admin/gallery/AHM_345.jpg
604,1_O50969_thumb_front.jpg,http://kaushikoutdoors.com/admin/gallery/AHM_346.jpg
605,1_O50970_thumb_front.jpg,http://kaushikoutdoors.com/admin/gallery/AHM_347.jpg
606,1_O50971_thumb_front.jpg,http://kaushikoutdoors.com/admin/gallery/AHM_348.jpg
607,1_O50972_thumb_front.jpg,http://kaushikoutdoors.com/admin/gallery/AHM_349.jpg
608,1_O50973_thumb_front.jpg,http://kaushikoutdoors.com/admin/gallery/AHM_35.jpg
609,1_O50974_thumb_front.jpg,http://kaushikoutdoors.com/admin/gallery/AHM_350.jpg
610,1_O50975_thumb_front.jpg,http://kaushikoutdoors.com/admin/gallery/AHM_351.jpg
611,1_O50976_thumb_front.jpg,http://kaushikoutdoors.com/admin/gallery/AHM_352.jpg
612,1_O50977_thumb_front.jpg,http://kaushikoutdoors.com/admin/gallery/AHM_353.jpg
613,1_O50978_thumb_front.jpg,http://kaushikoutdoors.com/admin/gallery/AHM_354.jpg
614,1_O50979_thumb_front.jpg,http://kaushikoutdoors.com/admin/gallery/AHM_356.jpg
615,1_O50980_thumb_front.jpg,http://kaushikoutdoors.com/admin/gallery/AHM_357.jpg
616,1_O50981_thumb_front.jpg,http://kaushikoutdoors.com/admin/gallery/AHM_358.jpg
617,1_O50982_thumb_front.jpg,http://kaushikoutdoors.com/admin/gallery/AHM_359.jpg
618,1_O50983_thumb_front.jpg,http://kaushikoutdoors.com/admin/gallery/AHM_36.jpg
619,1_O50984_thumb_front.jpg,http://kaushikoutdoors.com/admin/gallery/AHM_360.jpg
620,1_O50985_thumb_front.jpg,http://kaushikoutdoors.com/admin/gallery/AHM_361.jpg
621,1_O50986_thumb_front.jpg,http://kaushikoutdoors.com/admin/gallery/AHM_363.jpg
622,1_O50987_thumb_front.jpg,http://kaushikoutdoors.com/admin/gallery/AHM_364.jpg
623,1_O50988_thumb_front.jpg,http://kaushikoutdoors.com/admin/gallery/AHM_365.jpg
624,1_O50989_thumb_front.jpg,http://kaushikoutdoors.com/admin/gallery/AHM_366.jpg
625,1_O50990_thumb_front.jpg,http://kaushikoutdoors.com/admin/gallery/AHM_367.jpg
626,1_O50991_thumb_front.jpg,http://kaushikoutdoors.com/admin/gallery/AHM_368.jpg
627,1_O50992_thumb_front.jpg,http://kaushikoutdoors.com/admin/gallery/AHM_369.jpg
628,1_O50993_thumb_front.jpg,http://kaushikoutdoors.com/admin/gallery/AHM_37.jpg
629,1_O50994_thumb_front.jpg,http://kaushikoutdoors.com/admin/gallery/AHM_370.jpg
630,1_O50995_thumb_front.jpg,http://kaushikoutdoors.com/admin/gallery/AHM_371.jpg
631,1_O50996_thumb_front.jpg,http://kaushikoutdoors.com/admin/gallery/AHM_372.jpg
632,1_O50997_thumb_front.jpg,http://kaushikoutdoors.com/admin/gallery/AHM_373.jpg
633,1_O50998_thumb_front.jpg,http://kaushikoutdoors.com/admin/gallery/AHM_374.jpg
634,1_O50999_thumb_front.jpg,http://kaushikoutdoors.com/admin/gallery/AHM_375.jpg
635,1_O51000_thumb_front.jpg,http://kaushikoutdoors.com/admin/gallery/AHM_376.jpg
636,1_O51001_thumb_front.jpg,http://kaushikoutdoors.com/admin/gallery/AHM_377.jpg
637,1_O51002_thumb_front.jpg,http://kaushikoutdoors.com/admin/gallery/AHM_378.jpg
638,1_O51003_thumb_front.jpg,http://kaushikoutdoors.com/admin/gallery/AHM_379.jpg
639,1_O51004_thumb_front.jpg,http://kaushikoutdoors.com/admin/gallery/AHM_38.jpg
640,1_O51005_thumb_front.jpg,http://kaushikoutdoors.com/admin/gallery/AHM_380.jpg
641,1_O51006_thumb_front.jpg,http://kaushikoutdoors.com/admin/gallery/AHM_381.jpg
642,1_O51007_thumb_front.jpg,http://kaushikoutdoors.com/admin/gallery/AHM_382.jpg
643,1_O51008_thumb_front.jpg,http://kaushikoutdoors.com/admin/gallery/AHM_383.jpg
644,1_O51009_thumb_front.jpg,http://kaushikoutdoors.com/admin/gallery/AHM_384.jpg
645,1_O51010_thumb_front.jpg,http://kaushikoutdoors.com/admin/gallery/AHM_385.jpg
646,1_O51011_thumb_front.jpg,http://kaushikoutdoors.com/admin/gallery/AHM_386.jpg
647,1_O51012_thumb_front.jpg,http://kaushikoutdoors.com/admin/gallery/AHM_388.jpg
648,1_O51013_thumb_front.jpg,http://kaushikoutdoors.com/admin/gallery/AHM_389.jpg
649,1_O51014_thumb_front.jpg,http://kaushikoutdoors.com/admin/gallery/AHM_39.jpg
650,1_O51015_thumb_front.jpg,http://kaushikoutdoors.com/admin/gallery/AHM_391.jpg
651,1_O51016_thumb_front.jpg,http://kaushikoutdoors.com/admin/gallery/AHM_392.jpg
652,1_O51017_thumb_front.jpg,http://kaushikoutdoors.com/admin/gallery/AHM_393.jpg
653,1_O51018_thumb_front.jpg,http://kaushikoutdoors.com/admin/gallery/AHM_394.jpg
654,1_O51019_thumb_front.jpg,http://kaushikoutdoors.com/admin/gallery/AHM_397.jpg
655,1_O51020_thumb_front.jpg,http://kaushikoutdoors.com/admin/gallery/AHM_398.jpg
656,1_O51021_thumb_front.jpg,http://kaushikoutdoors.com/admin/gallery/AHM_399.jpg
657,1_O51022_thumb_front.jpg,http://kaushikoutdoors.com/admin/gallery/AHM_4.jpg
658,1_O51023_thumb_front.jpg,http://kaushikoutdoors.com/admin/gallery/AHM_40.jpg
659,1_O51024_thumb_front.jpg,http://kaushikoutdoors.com/admin/gallery/AHM_400.jpg
660,1_O51025_thumb_front.jpg,http://kaushikoutdoors.com/admin/gallery/AHM_401.jpg
661,1_O51026_thumb_front.jpg,http://kaushikoutdoors.com/admin/gallery/AHM_402.jpg
662,1_O51027_thumb_front.jpg,http://kaushikoutdoors.com/admin/gallery/AHM_403.jpg
663,1_O51028_thumb_front.jpg,http://kaushikoutdoors.com/admin/gallery/AHM_404.jpg
664,1_O51029_thumb_front.jpg,http://kaushikoutdoors.com/admin/gallery/AHM_405.jpg
665,1_O51030_thumb_front.jpg,http://kaushikoutdoors.com/admin/gallery/AHM_406.jpg
666,1_O51031_thumb_front.jpg,http://kaushikoutdoors.com/admin/gallery/AHM_407.jpg
667,1_O51032_thumb_front.jpg,http://kaushikoutdoors.com/admin/gallery/AHM_408.jpg
668,1_O51033_thumb_front.jpg,http://kaushikoutdoors.com/admin/gallery/AHM_409.jpg
669,1_O51034_thumb_front.jpg,http://kaushikoutdoors.com/admin/gallery/AHM_41.jpg
670,1_O51035_thumb_front.jpg,http://kaushikoutdoors.com/admin/gallery/AHM_410.jpg
671,1_O51036_thumb_front.jpg,http://kaushikoutdoors.com/admin/gallery/AHM_411.jpg
672,1_O51037_thumb_front.jpg,http://kaushikoutdoors.com/admin/gallery/AHM_412.jpg
673,1_O51038_thumb_front.jpg,http://kaushikoutdoors.com/admin/gallery/AHM_413.jpg
674,1_O51039_thumb_front.jpg,http://kaushikoutdoors.com/admin/gallery/AHM_414.jpg
675,1_O51040_thumb_front.jpg,http://kaushikoutdoors.com/admin/gallery/AHM_415.jpg
676,1_O51041_thumb_front.jpg,http://kaushikoutdoors.com/admin/gallery/AHM_416.jpg
677,1_O51042_thumb_front.jpg,http://kaushikoutdoors.com/admin/gallery/AHM_417.jpg
678,1_O51043_thumb_front.jpg,http://kaushikoutdoors.com/admin/gallery/AHM_418.jpg
679,1_O51044_thumb_front.jpg,http://kaushikoutdoors.com/admin/gallery/AHM_419.jpg
680,1_O51045_thumb_front.jpg,http://kaushikoutdoors.com/admin/gallery/AHM_42.jpg
681,1_O51046_thumb_front.jpg,http://kaushikoutdoors.com/admin/gallery/AHM_420.jpg
682,1_O51047_thumb_front.jpg,http://kaushikoutdoors.com/admin/gallery/AHM_421.jpg
683,1_O51048_thumb_front.jpg,http://kaushikoutdoors.com/admin/gallery/AHM_423.jpg
684,1_O51049_thumb_front.jpg,http://kaushikoutdoors.com/admin/gallery/AHM_424.jpg
685,1_O51050_thumb_front.jpg,http://kaushikoutdoors.com/admin/gallery/AHM_427.jpg
686,1_O51051_thumb_front.jpg,http://kaushikoutdoors.com/admin/gallery/AHM_429.jpg
687,1_O51052_thumb_front.jpg,http://kaushikoutdoors.com/admin/gallery/AHM_430.jpg
688,1_O51053_thumb_front.jpg,http://kaushikoutdoors.com/admin/gallery/AHM_431.jpg
689,1_O51054_thumb_front.jpg,http://kaushikoutdoors.com/admin/gallery/AHM_433.jpg
690,1_O51055_thumb_front.jpg,http://kaushikoutdoors.com/admin/gallery/AHM_434.jpg
691,1_O51056_thumb_front.jpg,http://kaushikoutdoors.com/admin/gallery/AHM_435.jpg
692,1_O51057_thumb_front.jpg,http://kaushikoutdoors.com/admin/gallery/AHM_436.jpg
693,1_O51058_thumb_front.jpg,http://kaushikoutdoors.com/admin/gallery/AHM_437.jpg
694,1_O51059_thumb_front.jpg,http://kaushikoutdoors.com/admin/gallery/AHM_438.jpg
695,1_O51060_thumb_front.jpg,http://kaushikoutdoors.com/admin/gallery/AHM_44.jpg
696,1_O51061_thumb_front.jpg,http://kaushikoutdoors.com/admin/gallery/AHM_440.jpg
697,1_O51062_thumb_front.jpg,http://kaushikoutdoors.com/admin/gallery/AHM_441.jpg
698,1_O51063_thumb_front.jpg,http://kaushikoutdoors.com/admin/gallery/AHM_442.jpg
699,1_O51064_thumb_front.jpg,http://kaushikoutdoors.com/admin/gallery/AHM_443.jpg
700,1_O51065_thumb_front.jpg,http://kaushikoutdoors.com/admin/gallery/AHM_444.jpg
701,1_O51066_thumb_front.jpg,http://kaushikoutdoors.com/admin/gallery/AHM_445.jpg
702,1_O51067_thumb_front.jpg,http://kaushikoutdoors.com/admin/gallery/AHM_446.jpg
703,1_O51068_thumb_front.jpg,http://kaushikoutdoors.com/admin/gallery/AHM_449.jpg
704,1_O51069_thumb_front.jpg,http://kaushikoutdoors.com/admin/gallery/AHM_45.jpg
705,1_O51070_thumb_front.jpg,http://kaushikoutdoors.com/admin/gallery/AHM_450.jpg
706,1_O51071_thumb_front.jpg,http://kaushikoutdoors.com/admin/gallery/AHM_451.jpg
707,1_O51072_thumb_front.jpg,http://kaushikoutdoors.com/admin/gallery/AHM_452.jpg
708,1_O51073_thumb_front.jpg,http://kaushikoutdoors.com/admin/gallery/AHM_453.jpg
709,1_O51074_thumb_front.jpg,http://kaushikoutdoors.com/admin/gallery/AHM_454.jpg
710,1_O51075_thumb_front.jpg,http://kaushikoutdoors.com/admin/gallery/AHM_455.jpg
711,1_O51076_thumb_front.jpg,http://kaushikoutdoors.com/admin/gallery/AHM_456.jpg
712,1_O51077_thumb_front.jpg,http://kaushikoutdoors.com/admin/gallery/AHM_457.jpg
713,1_O51078_thumb_front.jpg,http://kaushikoutdoors.com/admin/gallery/AHM_458.jpg
714,1_O51079_thumb_front.jpg,http://kaushikoutdoors.com/admin/gallery/AHM_459.jpg
715,1_O51080_thumb_front.jpg,http://kaushikoutdoors.com/admin/gallery/AHM_460.jpg
716,1_O51081_thumb_front.jpg,http://kaushikoutdoors.com/admin/gallery/AHM_461.jpg
717,1_O51082_thumb_front.jpg,http://kaushikoutdoors.com/admin/gallery/AHM_462.jpg
718,1_O51083_thumb_front.jpg,http://kaushikoutdoors.com/admin/gallery/AHM_463.jpg
719,1_O51084_thumb_front.jpg,http://kaushikoutdoors.com/admin/gallery/AHM_464.jpg
720,1_O51085_thumb_front.jpg,http://kaushikoutdoors.com/admin/gallery/AHM_465.jpg
721,1_O51086_thumb_front.jpg,http://kaushikoutdoors.com/admin/gallery/AHM_466.jpg
722,1_O51087_thumb_front.jpg,http://kaushikoutdoors.com/admin/gallery/AHM_467.jpg
723,1_O51088_thumb_front.jpg,http://kaushikoutdoors.com/admin/gallery/AHM_468.jpg
724,1_O51089_thumb_front.jpg,http://kaushikoutdoors.com/admin/gallery/AHm_469.jpg
725,1_O51090_thumb_front.jpg,http://kaushikoutdoors.com/admin/gallery/AHM_47.jpg
726,1_O51091_thumb_front.jpg,http://kaushikoutdoors.com/admin/gallery/AHM_470.jpg
727,1_O51092_thumb_front.jpg,http://kaushikoutdoors.com/admin/gallery/AHM_471.jpg
728,1_O51093_thumb_front.jpg,http://kaushikoutdoors.com/admin/gallery/AHM_472.jpg
729,1_O51094_thumb_front.jpg,http://kaushikoutdoors.com/admin/gallery/AHM_474.jpg
730,1_O51095_thumb_front.jpg,http://kaushikoutdoors.com/admin/gallery/AHM_475.jpg
731,1_O51096_thumb_front.jpg,http://kaushikoutdoors.com/admin/gallery/AHM_476.jpg
732,1_O51097_thumb_front.jpg,http://kaushikoutdoors.com/admin/gallery/AHM_477.jpg
733,1_O51098_thumb_front.jpg,http://kaushikoutdoors.com/admin/gallery/AHM_478.jpg
734,1_O51099_thumb_front.jpg,http://kaushikoutdoors.com/admin/gallery/AHM_479.jpg
735,1_O51100_thumb_front.jpg,http://kaushikoutdoors.com/admin/gallery/AHM_48.jpg
736,1_O51101_thumb_front.jpg,http://kaushikoutdoors.com/admin/gallery/AHM_480.jpg
737,1_O51102_thumb_front.jpg,http://kaushikoutdoors.com/admin/gallery/AHM_481.jpg
738,1_O51103_thumb_front.jpg,http://kaushikoutdoors.com/admin/gallery/AHM_482.jpg
739,1_O51104_thumb_front.jpg,http://kaushikoutdoors.com/admin/gallery/AHM_483.jpg
740,1_O51105_thumb_front.jpg,http://kaushikoutdoors.com/admin/gallery/AHM_484.jpg
741,1_O51106_thumb_front.jpg,http://kaushikoutdoors.com/admin/gallery/AHM_485.jpg
742,1_O51107_thumb_front.jpg,http://kaushikoutdoors.com/admin/gallery/AHM_486.jpg
743,1_O51108_thumb_front.jpg,http://kaushikoutdoors.com/admin/gallery/AHM_487.jpg
744,1_O51109_thumb_front.jpg,http://kaushikoutdoors.com/admin/gallery/AHM_488.jpg
745,1_O51110_thumb_front.jpg,http://kaushikoutdoors.com/admin/gallery/AHM_489.jpg
746,1_O51111_thumb_front.jpg,http://kaushikoutdoors.com/admin/gallery/AHM_49.jpg
747,1_O51112_thumb_front.jpg,http://kaushikoutdoors.com/admin/gallery/AHM_490.jpg
748,1_O51113_thumb_front.jpg,http://kaushikoutdoors.com/admin/gallery/AHM_491.jpg
749,1_O51114_thumb_front.jpg,http://kaushikoutdoors.com/admin/gallery/AHM_492.jpg
750,1_O51115_thumb_front.jpg,http://kaushikoutdoors.com/admin/gallery/AHM_493.jpg
751,1_O51116_thumb_front.jpg,http://kaushikoutdoors.com/admin/gallery/AHM_494.jpg
752,1_O51117_thumb_front.jpg,http://kaushikoutdoors.com/admin/gallery/AHM_495.jpg
753,1_O51118_thumb_front.jpg,http://kaushikoutdoors.com/admin/gallery/AHM_496.jpg
754,1_O51119_thumb_front.jpg,http://kaushikoutdoors.com/admin/gallery/AHM_497.jpg
755,1_O51120_thumb_front.jpg,http://kaushikoutdoors.com/admin/gallery/AHM_498.jpg
756,1_O51121_thumb_front.jpg,http://kaushikoutdoors.com/admin/gallery/AHM_499.jpg
757,1_O51122_thumb_front.jpg,http://kaushikoutdoors.com/admin/gallery/AHM_5.jpg
758,1_O51123_thumb_front.jpg,http://kaushikoutdoors.com/admin/gallery/AHM_50.jpg
759,1_O51124_thumb_front.jpg,http://kaushikoutdoors.com/admin/gallery/AHM_500.jpg
760,1_O51125_thumb_front.jpg,http://kaushikoutdoors.com/admin/gallery/AHM_501.jpg
761,1_O51126_thumb_front.jpg,http://kaushikoutdoors.com/admin/gallery/AHM_502.jpg
762,1_O51127_thumb_front.jpg,http://kaushikoutdoors.com/admin/gallery/AHM_503.jpg
763,1_O51128_thumb_front.jpg,http://kaushikoutdoors.com/admin/gallery/AHM_504.jpg
764,1_O51129_thumb_front.jpg,http://kaushikoutdoors.com/admin/gallery/AHM_505.jpg
765,1_O51130_thumb_front.jpg,http://kaushikoutdoors.com/admin/gallery/AHM_506.jpg
766,1_O51131_thumb_front.jpg,http://kaushikoutdoors.com/admin/gallery/AHM_507.jpg
767,1_O51132_thumb_front.jpg,http://kaushikoutdoors.com/admin/gallery/AHM_508.jpg
768,1_O51133_thumb_front.jpg,http://kaushikoutdoors.com/admin/gallery/AHM_509.jpg
769,1_O51134_thumb_front.jpg,http://kaushikoutdoors.com/admin/gallery/AHM_51.jpg
770,1_O51135_thumb_front.jpg,http://kaushikoutdoors.com/admin/gallery/AHM_510.jpg
771,1_O51136_thumb_front.jpg,http://kaushikoutdoors.com/admin/gallery/AHM_511.jpg
772,1_O51137_thumb_front.jpg,http://kaushikoutdoors.com/admin/gallery/AHM_512.jpg
773,1_O51138_thumb_front.jpg,http://kaushikoutdoors.com/admin/gallery/AHM_513.jpg
774,1_O51139_thumb_front.jpg,http://kaushikoutdoors.com/admin/gallery/AHM_514.jpg
775,1_O51140_thumb_front.jpg,http://kaushikoutdoors.com/admin/gallery/AHM_515.jpg
776,1_O51141_thumb_front.jpg,http://kaushikoutdoors.com/admin/gallery/AHM_516.jpg
777,1_O51142_thumb_front.jpg,http://kaushikoutdoors.com/admin/gallery/AHM_517.jpg
778,1_O51143_thumb_front.jpg,http://kaushikoutdoors.com/admin/gallery/AHM_52.jpg
779,1_O51144_thumb_front.jpg,http://kaushikoutdoors.com/admin/gallery/AHM_53.jpg
780,1_O51145_thumb_front.jpg,http://kaushikoutdoors.com/admin/gallery/AHM_54.jpg
781,1_O51146_thumb_front.jpg,http://kaushikoutdoors.com/admin/gallery/AHM_55.jpg
782,1_O51147_thumb_front.jpg,http://kaushikoutdoors.com/admin/gallery/AHM_58.jpg
783,1_O51148_thumb_front.jpg,http://kaushikoutdoors.com/admin/gallery/AHM_59.jpg
784,1_O51149_thumb_front.jpg,http://kaushikoutdoors.com/admin/gallery/AHM_60.jpg
785,1_O51150_thumb_front.jpg,http://kaushikoutdoors.com/admin/gallery/AHM_61.jpg
786,1_O51151_thumb_front.jpg,http://kaushikoutdoors.com/admin/gallery/AHM_62.jpg
787,1_O51152_thumb_front.jpg,http://kaushikoutdoors.com/admin/gallery/AHM_63.jpg
788,1_O51153_thumb_front.jpg,http://kaushikoutdoors.com/admin/gallery/AHM_68.jpg
789,1_O51154_thumb_front.jpg,http://kaushikoutdoors.com/admin/gallery/AHM_7.jpg
790,1_O51155_thumb_front.jpg,http://kaushikoutdoors.com/admin/gallery/AHM_72.jpg
791,1_O51156_thumb_front.jpg,http://kaushikoutdoors.com/admin/gallery/AHM_73.jpg
792,1_O51157_thumb_front.jpg,http://kaushikoutdoors.com/admin/gallery/AHM_74.jpg
793,1_O51158_thumb_front.jpg,http://kaushikoutdoors.com/admin/gallery/AHM_75.jpg
794,1_O51159_thumb_front.jpg,http://kaushikoutdoors.com/admin/gallery/AHM_76.jpg
795,1_O51160_thumb_front.jpg,http://kaushikoutdoors.com/admin/gallery/AHM_77.jpg
796,1_O51161_thumb_front.jpg,http://kaushikoutdoors.com/admin/gallery/AHM_78.jpg
797,1_O51162_thumb_front.jpg,http://kaushikoutdoors.com/admin/gallery/AHM_79.jpg
798,1_O51163_thumb_front.jpg,http://kaushikoutdoors.com/admin/gallery/AHM_8.jpg
799,1_O51164_thumb_front.jpg,http://kaushikoutdoors.com/admin/gallery/AHM_80.jpg
800,1_O51165_thumb_front.jpg,http://kaushikoutdoors.com/admin/gallery/AHM_81.jpg
801,1_O51166_thumb_front.jpg,http://kaushikoutdoors.com/admin/gallery/AHM_82.jpg
802,1_O51167_thumb_front.jpg,http://kaushikoutdoors.com/admin/gallery/AHM_83.jpg
803,1_O51168_thumb_front.jpg,http://kaushikoutdoors.com/admin/gallery/AHM_84.jpg
804,1_O51169_thumb_front.jpg,http://kaushikoutdoors.com/admin/gallery/AHM_85.jpg
805,1_O51170_thumb_front.jpg,http://kaushikoutdoors.com/admin/gallery/AHM_86.jpg
806,1_O51171_thumb_front.jpg,http://kaushikoutdoors.com/admin/gallery/AHM_87.jpg
807,1_O51172_thumb_front.jpg,http://kaushikoutdoors.com/admin/gallery/AHM_88.jpg
808,1_O51173_thumb_front.jpg,http://kaushikoutdoors.com/admin/gallery/AHM_89.jpg
809,1_O51174_thumb_front.jpg,http://kaushikoutdoors.com/admin/gallery/AHM_9.jpg
810,1_O51175_thumb_front.jpg,http://kaushikoutdoors.com/admin/gallery/AHM_90.jpg
811,1_O51176_thumb_front.jpg,http://kaushikoutdoors.com/admin/gallery/AHM_91.jpg
812,1_O51177_thumb_front.jpg,http://kaushikoutdoors.com/admin/gallery/AHM_92.jpg
813,1_O51178_thumb_front.jpg,http://kaushikoutdoors.com/admin/gallery/AHM_93.jpg
814,1_O51179_thumb_front.jpg,http://kaushikoutdoors.com/admin/gallery/AHM_94.jpg
815,1_O51180_thumb_front.jpg,http://kaushikoutdoors.com/admin/gallery/AHM_95.jpg
816,1_O51181_thumb_front.jpg,http://kaushikoutdoors.com/admin/gallery/AHM_96.jpg
817,1_O51182_thumb_front.jpg,http://kaushikoutdoors.com/admin/gallery/AHM_97.jpg
818,1_O51183_thumb_front.jpg,http://kaushikoutdoors.com/admin/gallery/AHM_98.jpg
