,comp_id,company_name,image_url,sub_link
0,359,7 Star Advertising,http://www.allaboutoutdoor.com/upload/company/logo/7-star-advertising.png,http://www.allaboutoutdoor.com/profile.php?comp=359
1,512,9 Media network Pvt Ltd,http://www.allaboutoutdoor.com/upload/company/logo/9-Media-network-Pvt-Ltd.png,http://www.allaboutoutdoor.com/profile.php?comp=512
2,532,99 Media Network,http://www.allaboutoutdoor.com/upload/company/logo/676945784-831581282016.jpg,http://www.allaboutoutdoor.com/profile.php?comp=532
3,214,A Square Media,http://www.allaboutoutdoor.com/upload/company/logo/asqure.png,http://www.allaboutoutdoor.com/profile.php?comp=214
4,267,ABC Advertising Services,http://www.allaboutoutdoor.com/upload/company/logo/ABC-Advertising-Services.png,http://www.allaboutoutdoor.com/profile.php?comp=267
5,312,Abhinav Advertising Agency,http://www.allaboutoutdoor.com/upload/company/logo/abhinav-advertising-logo.png,http://www.allaboutoutdoor.com/profile.php?comp=312
6,126,Accord Advertising,http://www.allaboutoutdoor.com/upload/company/logo/accord.png,http://www.allaboutoutdoor.com/profile.php?comp=126
7,34,Accurate Advertsing Agency,http://www.allaboutoutdoor.com/upload/company/logo/accurate.png,http://www.allaboutoutdoor.com/profile.php?comp=34
8,409,Ace Communication,http://www.allaboutoutdoor.com/upload/company/logo/ace-communication.png,http://www.allaboutoutdoor.com/profile.php?comp=409
9,350,Ad Age Advertising,http://www.allaboutoutdoor.com/upload/company/logo/ad-age.png,http://www.allaboutoutdoor.com/profile.php?comp=350
10,392,Ad Effect,http://www.allaboutoutdoor.com/upload/company/logo/ad-effect.png,http://www.allaboutoutdoor.com/profile.php?comp=392
11,196,AD Ideas Pvt. Ltd.,http://www.allaboutoutdoor.com/upload/company/logo/AD-Ideas.png,http://www.allaboutoutdoor.com/profile.php?comp=196
12,378,AD World,http://www.allaboutoutdoor.com/upload/company/logo/adworld.png,http://www.allaboutoutdoor.com/profile.php?comp=378
13,241,AD World,http://www.allaboutoutdoor.com/upload/company/logo/Adworld-Communication.png,http://www.allaboutoutdoor.com/profile.php?comp=241
14,527,Addmax Outdoor Advertising,http://www.allaboutoutdoor.com/upload/company/logo/addmax.png,http://www.allaboutoutdoor.com/profile.php?comp=527
15,432,Adhunnik Mercantile,http://www.allaboutoutdoor.com/upload/company/logo/ampl.png,http://www.allaboutoutdoor.com/profile.php?comp=432
16,497,Aditi Signage Systems,http://www.allaboutoutdoor.com/upload/company/logo/aditi-signage-system-logo.png,http://www.allaboutoutdoor.com/profile.php?comp=497
17,360,Adlinks Outdoor Advertising,http://www.allaboutoutdoor.com/upload/company/logo/adlinks-outdoor-advertising.png,http://www.allaboutoutdoor.com/profile.php?comp=360
18,193,Advantage Advertising,http://www.allaboutoutdoor.com/upload/company/logo/advantage-advertising.png,http://www.allaboutoutdoor.com/profile.php?comp=193
19,356,Advent Advertising,http://www.allaboutoutdoor.com/upload/company/logo/advent-advertising.png,http://www.allaboutoutdoor.com/profile.php?comp=356
20,21,Advert Communications,http://www.allaboutoutdoor.com/upload/company/logo/advert.png,http://www.allaboutoutdoor.com/profile.php?comp=21
21,487,Advise Advertising,http://www.allaboutoutdoor.com/upload/company/logo/advise.png,http://www.allaboutoutdoor.com/profile.php?comp=487
22,393,Advision,http://www.allaboutoutdoor.com/upload/company/logo/advision.png,http://www.allaboutoutdoor.com/profile.php?comp=393
23,536,Adwise India,http://www.allaboutoutdoor.com/upload/company/logo/1872147501-1217532682016.png,http://www.allaboutoutdoor.com/profile.php?comp=536
24,273,Adworld Communication,http://www.allaboutoutdoor.com/upload/company/logo/Adworld-Communication.png,http://www.allaboutoutdoor.com/profile.php?comp=273
25,144,Agarwal Advertisement Bureau ,http://www.allaboutoutdoor.com/upload/company/logo/agrawal.png,http://www.allaboutoutdoor.com/profile.php?comp=144
26,467,Aiswaria Advertising,http://www.allaboutoutdoor.com/upload/company/logo/aiswaria.png,http://www.allaboutoutdoor.com/profile.php?comp=467
27,457,Ajanta Advertisers,http://www.allaboutoutdoor.com/upload/company/logo/ajanta.png,http://www.allaboutoutdoor.com/profile.php?comp=457
28,379,Ajay Advertisers,http://www.allaboutoutdoor.com/upload/company/logo/ajay-advertisers.png,http://www.allaboutoutdoor.com/profile.php?comp=379
29,94,Alakh Advertising & Publicity,http://www.allaboutoutdoor.com/upload/company/logo/Alakh-Advertising.png,http://www.allaboutoutdoor.com/profile.php?comp=94
30,257,Alfa Advertising & Marketing,http://www.allaboutoutdoor.com/upload/company/logo/alfa.png,http://www.allaboutoutdoor.com/profile.php?comp=257
31,361,Ambal Advertising Agency,http://www.allaboutoutdoor.com/upload/company/logo/ambal-advertising.png,http://www.allaboutoutdoor.com/profile.php?comp=361
32,486,Ambar Advertisers Pvt Ltd,http://www.allaboutoutdoor.com/upload/company/logo/ambar.png,http://www.allaboutoutdoor.com/profile.php?comp=486
33,455,Ambika Ad,http://www.allaboutoutdoor.com/upload/company/logo/ambika.png,http://www.allaboutoutdoor.com/profile.php?comp=455
34,67,Ansh Infomedia Pvt. Ltd.,http://www.allaboutoutdoor.com/upload/company/logo/ansh-infomedia.png,http://www.allaboutoutdoor.com/profile.php?comp=67
35,411,Anushka Publicity,http://www.allaboutoutdoor.com/upload/company/logo/anushka-publicity.png,http://www.allaboutoutdoor.com/profile.php?comp=411
36,175,Anvisha Publicity,http://www.allaboutoutdoor.com/upload/company/logo/anivisha.png,http://www.allaboutoutdoor.com/profile.php?comp=175
37,472,Appear Outdoor,http://www.allaboutoutdoor.com/upload/company/logo/appear.png,http://www.allaboutoutdoor.com/profile.php?comp=472
38,476,Arc Media,http://www.allaboutoutdoor.com/upload/company/logo/arc.png,http://www.allaboutoutdoor.com/profile.php?comp=476
39,69,Arc Outdoor Media Limited,http://www.allaboutoutdoor.com/upload/company/logo/arc-media.png,http://www.allaboutoutdoor.com/profile.php?comp=69
40,22,Arsh Publicity,http://www.allaboutoutdoor.com/upload/company/logo/Arsh-Publicity.png,http://www.allaboutoutdoor.com/profile.php?comp=22
41,336,Art Cottage Advertising,http://www.allaboutoutdoor.com/upload/company/logo/art-cottage.png,http://www.allaboutoutdoor.com/profile.php?comp=336
42,530,Art India,http://www.allaboutoutdoor.com/upload/company/logo/1444174699-1136271082016.png,http://www.allaboutoutdoor.com/profile.php?comp=530
43,116,Art Media Ads,http://www.allaboutoutdoor.com/upload/company/logo/Art-Media-Ads.png,http://www.allaboutoutdoor.com/profile.php?comp=116
44,236,Arun Sign Service Pvt. Ltd.,http://www.allaboutoutdoor.com/upload/company/logo/arun-sign.png,http://www.allaboutoutdoor.com/profile.php?comp=236
45,384,ASA Advretising,http://www.allaboutoutdoor.com/upload/company/logo/asa.png,http://www.allaboutoutdoor.com/profile.php?comp=384
46,394,Ashwarya Advertising,http://www.allaboutoutdoor.com/upload/company/logo/ashwarya-advertising.png,http://www.allaboutoutdoor.com/profile.php?comp=394
47,219,Atlas Outdoors,http://www.allaboutoutdoor.com/upload/company/logo/Atlas-Outdoors.png,http://www.allaboutoutdoor.com/profile.php?comp=219
48,502,Avinashi Ads,http://www.allaboutoutdoor.com/upload/company/logo/Avinashi-Ads.png,http://www.allaboutoutdoor.com/profile.php?comp=502
49,207,Azad Publicities,http://www.allaboutoutdoor.com/upload/company/logo/azad.png,http://www.allaboutoutdoor.com/profile.php?comp=207
50,488,Balaji Ads,http://www.allaboutoutdoor.com/upload/company/logo/balaji-ads.png,http://www.allaboutoutdoor.com/profile.php?comp=488
51,169,Bharat Art,http://www.allaboutoutdoor.com/upload/company/logo/Bharat-Art.png,http://www.allaboutoutdoor.com/profile.php?comp=169
52,362,Bhavani Enterprises,http://www.allaboutoutdoor.com/upload/company/logo/bhavani-enterprises.png,http://www.allaboutoutdoor.com/profile.php?comp=362
53,231,Blue Dreamz Advertising,http://www.allaboutoutdoor.com/upload/company/logo/,http://www.allaboutoutdoor.com/profile.php?comp=231
54,528,Brand Vision,http://www.allaboutoutdoor.com/upload/company/logo/Brand-Vision.png,http://www.allaboutoutdoor.com/profile.php?comp=528
55,87,Bright Outdoor Media Pvt. Ltd.,http://www.allaboutoutdoor.com/upload/company/logo/bright-outdoor.png,http://www.allaboutoutdoor.com/profile.php?comp=87
56,453,Brite Advertising,http://www.allaboutoutdoor.com/upload/company/logo/brite-advertising.png,http://www.allaboutoutdoor.com/profile.php?comp=453
57,415,Broadscope Media,http://www.allaboutoutdoor.com/upload/company/logo/broadscope.png,http://www.allaboutoutdoor.com/profile.php?comp=415
58,109,Capital World Media,http://www.allaboutoutdoor.com/upload/company/logo/capital-logo.png,http://www.allaboutoutdoor.com/profile.php?comp=109
59,337,Century OOH,http://www.allaboutoutdoor.com/upload/company/logo/century.png,http://www.allaboutoutdoor.com/profile.php?comp=337
60,363,Chirag Ads,http://www.allaboutoutdoor.com/upload/company/logo/Chirag-ads.png,http://www.allaboutoutdoor.com/profile.php?comp=363
61,43,Chitra Advertising Services,http://www.allaboutoutdoor.com/upload/company/logo/chitra.png,http://www.allaboutoutdoor.com/profile.php?comp=43
62,343,Chitra Publicity,http://www.allaboutoutdoor.com/upload/company/logo/chitra2.png,http://www.allaboutoutdoor.com/profile.php?comp=343
63,395,Cholang Ads,http://www.allaboutoutdoor.com/upload/company/logo/cholang-ads.png,http://www.allaboutoutdoor.com/profile.php?comp=395
64,364,Cila Advertisers,http://www.allaboutoutdoor.com/upload/company/logo/cila-advertisers.png,http://www.allaboutoutdoor.com/profile.php?comp=364
65,140,Clear Channel Mumbai Pvt. Ltd.,http://www.allaboutoutdoor.com/upload/company/logo/clear-channel.png,http://www.allaboutoutdoor.com/profile.php?comp=140
66,468,Connect Ads,http://www.allaboutoutdoor.com/upload/company/logo/connect.png,http://www.allaboutoutdoor.com/profile.php?comp=468
67,506,Coral Media,http://www.allaboutoutdoor.com/upload/company/logo/Coral-Media.png,http://www.allaboutoutdoor.com/profile.php?comp=506
68,387,Cosmos Advertising Agency,http://www.allaboutoutdoor.com/upload/company/logo/cosmos-advertising-agency.png,http://www.allaboutoutdoor.com/profile.php?comp=387
69,90,Creation Publicity Pvt. Ltd.,http://www.allaboutoutdoor.com/upload/company/logo/,http://www.allaboutoutdoor.com/profile.php?comp=90
70,148,Darpan Publicity Pvt. Ltd,http://www.allaboutoutdoor.com/upload/company/logo/Darpan-Publicity.png,http://www.allaboutoutdoor.com/profile.php?comp=148
71,317,Day Night Media Pvt. Ltd.,http://www.allaboutoutdoor.com/upload/company/logo/day-night.png,http://www.allaboutoutdoor.com/profile.php?comp=317
72,396,DBL Medias,http://www.allaboutoutdoor.com/upload/company/logo/dbl-medias.png,http://www.allaboutoutdoor.com/profile.php?comp=396
73,385,Deshkar Ads,http://www.allaboutoutdoor.com/upload/company/logo/deshkar-ads.png,http://www.allaboutoutdoor.com/profile.php?comp=385
74,119,Dezens,http://www.allaboutoutdoor.com/upload/company/logo/de-zens.png,http://www.allaboutoutdoor.com/profile.php?comp=119
75,365,Diamond Publicities,http://www.allaboutoutdoor.com/upload/company/logo/diamond-publicities.png,http://www.allaboutoutdoor.com/profile.php?comp=365
76,484,Display Door,http://www.allaboutoutdoor.com/upload/company/logo/display-door.png,http://www.allaboutoutdoor.com/profile.php?comp=484
77,510,DNA Advertising,http://www.allaboutoutdoor.com/upload/company/logo/DNA-Ads.png,http://www.allaboutoutdoor.com/profile.php?comp=510
78,513,DRR outdoormedia,http://www.allaboutoutdoor.com/upload/company/logo/DRR-outdoormedia.png,http://www.allaboutoutdoor.com/profile.php?comp=513
79,328,Durga Advertising Agency,http://www.allaboutoutdoor.com/upload/company/logo/durga-advertising-agency.png,http://www.allaboutoutdoor.com/profile.php?comp=328
80,501,Eden Media,http://www.allaboutoutdoor.com/upload/company/logo/eden media.png,http://www.allaboutoutdoor.com/profile.php?comp=501
81,208,Eden Media Pvt. Ltd,http://www.allaboutoutdoor.com/upload/company/logo/EdenMedia.png,http://www.allaboutoutdoor.com/profile.php?comp=208
82,26,Engee Media Solution Pvt. Ltd,http://www.allaboutoutdoor.com/upload/company/logo/engee-media-solutions.png,http://www.allaboutoutdoor.com/profile.php?comp=26
83,105,Enkon Pvt. Ltd.,http://www.allaboutoutdoor.com/upload/company/logo/Enkon.png,http://www.allaboutoutdoor.com/profile.php?comp=105
84,458,Excel Advertisers,http://www.allaboutoutdoor.com/upload/company/logo/excel-advertisers.png,http://www.allaboutoutdoor.com/profile.php?comp=458
85,495,Excellent Entertainment Networks,http://www.allaboutoutdoor.com/upload/company/logo/Untitled-2.jpg,http://www.allaboutoutdoor.com/profile.php?comp=495
86,3,Explomedia,http://www.allaboutoutdoor.com/upload/company/logo/explomedia.png,http://www.allaboutoutdoor.com/profile.php?comp=3
87,71,Fastrack Media Services,http://www.allaboutoutdoor.com/upload/company/logo/fastrack.png,http://www.allaboutoutdoor.com/profile.php?comp=71
88,332,Fine Advertising,http://www.allaboutoutdoor.com/upload/company/logo/fine-advertising.png,http://www.allaboutoutdoor.com/profile.php?comp=332
89,463,Focus Media,http://www.allaboutoutdoor.com/upload/company/logo/focus-media.png,http://www.allaboutoutdoor.com/profile.php?comp=463
90,416,Foresite Media,http://www.allaboutoutdoor.com/upload/company/logo/foresite-media.png,http://www.allaboutoutdoor.com/profile.php?comp=416
91,163,Frank Advertisers,http://www.allaboutoutdoor.com/upload/company/logo/Frank-Advertisers.png,http://www.allaboutoutdoor.com/profile.php?comp=163
92,534,Ganapati Ad,http://www.allaboutoutdoor.com/upload/company/logo/2081545360-1124501682016.png,http://www.allaboutoutdoor.com/profile.php?comp=534
93,397,Gatwick Ads,http://www.allaboutoutdoor.com/upload/company/logo/gatwick-ads.png,http://www.allaboutoutdoor.com/profile.php?comp=397
94,42,Giraffe Advertising & Marketing Pvt Ltd,http://www.allaboutoutdoor.com/upload/company/logo/giraffe-advertising.png,http://www.allaboutoutdoor.com/profile.php?comp=42
95,493,Glad Advertising,http://www.allaboutoutdoor.com/upload/company/logo/Glad-Advertising logo.png,http://www.allaboutoutdoor.com/profile.php?comp=493
96,471,Glamour Advertising,http://www.allaboutoutdoor.com/upload/company/logo/glamour.png,http://www.allaboutoutdoor.com/profile.php?comp=471
97,99,Gledo Advertising Agency,http://www.allaboutoutdoor.com/upload/company/logo/gledo-advertising.png,http://www.allaboutoutdoor.com/profile.php?comp=99
98,88,Global Advertisers,http://www.allaboutoutdoor.com/upload/company/logo/global-Advertisers.png,http://www.allaboutoutdoor.com/profile.php?comp=88
99,186,Gorgeous Advertisers Pvt. Ltd.,http://www.allaboutoutdoor.com/upload/company/logo/Gorgeous-Advertisers.png,http://www.allaboutoutdoor.com/profile.php?comp=186
100,380,Goyal Publicity,http://www.allaboutoutdoor.com/upload/company/logo/goyal-publicity.png,http://www.allaboutoutdoor.com/profile.php?comp=380
101,441,Grace Advertising,http://www.allaboutoutdoor.com/upload/company/logo/grace.png,http://www.allaboutoutdoor.com/profile.php?comp=441
102,398,Grand Media Solutions,http://www.allaboutoutdoor.com/upload/company/logo/grand-media-solutions.png,http://www.allaboutoutdoor.com/profile.php?comp=398
103,4,Graphisads,http://www.allaboutoutdoor.com/upload/company/logo/Graphisads.png,http://www.allaboutoutdoor.com/profile.php?comp=4
104,1,Greenline ,http://www.allaboutoutdoor.com/upload/company/logo/,http://www.allaboutoutdoor.com/profile.php?comp=1
105,452,Group AAO,http://www.allaboutoutdoor.com/upload/company/logo/groupaao.png,http://www.allaboutoutdoor.com/profile.php?comp=452
106,232,Growing Concepts,http://www.allaboutoutdoor.com/upload/company/logo/growing-concepts.png,http://www.allaboutoutdoor.com/profile.php?comp=232
107,427,Gujarat Art Corner,http://www.allaboutoutdoor.com/upload/company/logo/gujrat-arts.png,http://www.allaboutoutdoor.com/profile.php?comp=427
108,118,Guju Ads,http://www.allaboutoutdoor.com/upload/company/logo/guju-ads.png,http://www.allaboutoutdoor.com/profile.php?comp=118
109,447,Helpline Advertising,http://www.allaboutoutdoor.com/upload/company/logo/helpline.png,http://www.allaboutoutdoor.com/profile.php?comp=447
110,428,Het Graphics,http://www.allaboutoutdoor.com/upload/company/logo/hetgraphics.png,http://www.allaboutoutdoor.com/profile.php?comp=428
111,37,Hindustan Publicity,http://www.allaboutoutdoor.com/upload/company/logo/Hindustan-Publicity.png,http://www.allaboutoutdoor.com/profile.php?comp=37
112,197,Hindusthan Group of Media & Publicity,http://www.allaboutoutdoor.com/upload/company/logo/hindusthan.png,http://www.allaboutoutdoor.com/profile.php?comp=197
113,142,Hira Advertising Agency Pvt. Ltd,http://www.allaboutoutdoor.com/upload/company/logo/Hira-Advertising.png,http://www.allaboutoutdoor.com/profile.php?comp=142
114,351,Icon Media Pvt. Ltd.,http://www.allaboutoutdoor.com/upload/company/logo/icon-media.png,http://www.allaboutoutdoor.com/profile.php?comp=351
115,49,Icons,http://www.allaboutoutdoor.com/upload/company/logo/iconix.png,http://www.allaboutoutdoor.com/profile.php?comp=49
116,146,Impact Advertising,http://www.allaboutoutdoor.com/upload/company/logo/impact-advertising.png,http://www.allaboutoutdoor.com/profile.php?comp=146
117,366,Impress Ads,http://www.allaboutoutdoor.com/upload/company/logo/impress-ads.png,http://www.allaboutoutdoor.com/profile.php?comp=366
118,500,Impression Advertising,http://www.allaboutoutdoor.com/upload/company/logo/Impression-Ads.png,http://www.allaboutoutdoor.com/profile.php?comp=500
119,96,IN & OUT Multimedia Pvt. Ltd.,http://www.allaboutoutdoor.com/upload/company/logo/IN-n-OUT-Multimedia.png,http://www.allaboutoutdoor.com/profile.php?comp=96
120,114,India Outdoor Advertising,http://www.allaboutoutdoor.com/upload/company/logo/india-outdoor.png,http://www.allaboutoutdoor.com/profile.php?comp=114
121,319,Indianart,http://www.allaboutoutdoor.com/upload/company/logo/indian-art.png,http://www.allaboutoutdoor.com/profile.php?comp=319
122,320,Indu Advertiser & Marketer,http://www.allaboutoutdoor.com/upload/company/logo/indu-advertiser.png,http://www.allaboutoutdoor.com/profile.php?comp=320
123,75,Indus Adcom Pvt. Ltd,http://www.allaboutoutdoor.com/upload/company/logo/indus-adcom.png,http://www.allaboutoutdoor.com/profile.php?comp=75
124,9,Indus Advertising,http://www.allaboutoutdoor.com/upload/company/logo/Indus-Advertising.png,http://www.allaboutoutdoor.com/profile.php?comp=9
125,198,J.K Advertising,http://www.allaboutoutdoor.com/upload/company/logo/JK.png,http://www.allaboutoutdoor.com/profile.php?comp=198
126,70,J.R Creation Advertisers Pvt. Ltd.,http://www.allaboutoutdoor.com/upload/company/logo/jr-creations.png,http://www.allaboutoutdoor.com/profile.php?comp=70
127,492,Jagadish Advertising,http://www.allaboutoutdoor.com/upload/company/logo/,http://www.allaboutoutdoor.com/profile.php?comp=492
128,13,Jagran Engage,http://www.allaboutoutdoor.com/upload/company/logo/jagran-engage.png,http://www.allaboutoutdoor.com/profile.php?comp=13
129,469,JAY `N` JAY,http://www.allaboutoutdoor.com/upload/company/logo/jay.png,http://www.allaboutoutdoor.com/profile.php?comp=469
130,6,JCDecaux,http://www.allaboutoutdoor.com/upload/company/logo/JCDecaux.png,http://www.allaboutoutdoor.com/profile.php?comp=6
131,342,Joshi Publicity,http://www.allaboutoutdoor.com/upload/company/logo/joshi.png,http://www.allaboutoutdoor.com/profile.php?comp=342
132,388,Jyothi Advertisers,http://www.allaboutoutdoor.com/upload/company/logo/jyothi-advertisers.png,http://www.allaboutoutdoor.com/profile.php?comp=388
133,237,Kanhiya Advertisers,http://www.allaboutoutdoor.com/upload/company/logo/kanhiya-1.png,http://www.allaboutoutdoor.com/profile.php?comp=237
134,496,Kanta Solutions,http://www.allaboutoutdoor.com/upload/company/logo/kanta-solutions.png,http://www.allaboutoutdoor.com/profile.php?comp=496
135,103,Kapole Advertising Agency,http://www.allaboutoutdoor.com/upload/company/logo/kapole.png,http://www.allaboutoutdoor.com/profile.php?comp=103
136,211,Karukrit Advertising Pvt.Ltd.,http://www.allaboutoutdoor.com/upload/company/logo/Karukrit-Advertising.png,http://www.allaboutoutdoor.com/profile.php?comp=211
137,390,KAT Advertising,http://www.allaboutoutdoor.com/upload/company/logo/kat-advertising.png,http://www.allaboutoutdoor.com/profile.php?comp=390
138,344,Kaushik Publicity,http://www.allaboutoutdoor.com/upload/company/logo/kaushik-publicity.png,http://www.allaboutoutdoor.com/profile.php?comp=344
139,537,Keen Publicity,http://www.allaboutoutdoor.com/upload/company/logo/986218602-717432782016.png,http://www.allaboutoutdoor.com/profile.php?comp=537
140,177,Khandelwal Outdoor Agency,http://www.allaboutoutdoor.com/upload/company/logo/khandelwal.png,http://www.allaboutoutdoor.com/profile.php?comp=177
141,400,King Ads,http://www.allaboutoutdoor.com/upload/company/logo/king-adds.png,http://www.allaboutoutdoor.com/profile.php?comp=400
142,338,Klick Advertising & Marketing,http://www.allaboutoutdoor.com/upload/company/logo/klick-advertising.png,http://www.allaboutoutdoor.com/profile.php?comp=338
143,352,Koushik Group,http://www.allaboutoutdoor.com/upload/company/logo/kaushik-group.png,http://www.allaboutoutdoor.com/profile.php?comp=352
144,329,KPS  ADVERTISING,http://www.allaboutoutdoor.com/upload/company/logo/kps-advertising.png,http://www.allaboutoutdoor.com/profile.php?comp=329
145,339,Kraft Outdoor Media,http://www.allaboutoutdoor.com/upload/company/logo/kraft.png,http://www.allaboutoutdoor.com/profile.php?comp=339
146,345,Krishna Communication,http://www.allaboutoutdoor.com/upload/company/logo/krishna.png,http://www.allaboutoutdoor.com/profile.php?comp=345
147,7,Krishna Studio Out-door Advertisers,http://www.allaboutoutdoor.com/upload/company/logo/Krishna-Studio.png,http://www.allaboutoutdoor.com/profile.php?comp=7
148,340,Landmark Outdoor Media Services,http://www.allaboutoutdoor.com/upload/company/logo/Loms.png,http://www.allaboutoutdoor.com/profile.php?comp=340
149,5,Laqshya Media,http://www.allaboutoutdoor.com/upload/company/logo/Laqshya-Outdoors.png,http://www.allaboutoutdoor.com/profile.php?comp=5
150,189,Lead Advertisers,http://www.allaboutoutdoor.com/upload/company/logo/lead-ads.png,http://www.allaboutoutdoor.com/profile.php?comp=189
151,353,Leadspace,http://www.allaboutoutdoor.com/upload/company/logo/leadspace.png,http://www.allaboutoutdoor.com/profile.php?comp=353
152,505,Lohit Ads,http://www.allaboutoutdoor.com/upload/company/logo/Lohit-ads.png,http://www.allaboutoutdoor.com/profile.php?comp=505
153,313,Luvkush Media,http://www.allaboutoutdoor.com/upload/company/logo/luvkush.png,http://www.allaboutoutdoor.com/profile.php?comp=313
154,174,Magic Publicity Pvt. Ltd.,http://www.allaboutoutdoor.com/upload/company/logo/magic.png,http://www.allaboutoutdoor.com/profile.php?comp=174
155,44,Magnum OOH,http://www.allaboutoutdoor.com/upload/company/logo/magnum-ooh.png,http://www.allaboutoutdoor.com/profile.php?comp=44
156,376,Maheshwari Advertising,http://www.allaboutoutdoor.com/upload/company/logo/maheshwari-advertising.png,http://www.allaboutoutdoor.com/profile.php?comp=376
157,438,Make Advertising,http://www.allaboutoutdoor.com/upload/company/logo/make.png,http://www.allaboutoutdoor.com/profile.php?comp=438
158,440,Marquis Advertising & Marketing,http://www.allaboutoutdoor.com/upload/company/logo/marq.png,http://www.allaboutoutdoor.com/profile.php?comp=440
159,498,Marquis Advertising and Marketing,http://www.allaboutoutdoor.com/upload/company/logo/Marquis-Ads.png,http://www.allaboutoutdoor.com/profile.php?comp=498
160,162,Media 24x7,http://www.allaboutoutdoor.com/upload/company/logo/Media-24-7.png,http://www.allaboutoutdoor.com/profile.php?comp=162
161,367,Media 360,http://www.allaboutoutdoor.com/upload/company/logo/media360.png,http://www.allaboutoutdoor.com/profile.php?comp=367
162,377,Media Minds,http://www.allaboutoutdoor.com/upload/company/logo/media-minds.png,http://www.allaboutoutdoor.com/profile.php?comp=377
163,204,Media Solution,http://www.allaboutoutdoor.com/upload/company/logo/media-solutions.png,http://www.allaboutoutdoor.com/profile.php?comp=204
164,83,Mediashop,http://www.allaboutoutdoor.com/upload/company/logo/mediashop.png,http://www.allaboutoutdoor.com/profile.php?comp=83
165,63,Midas Media Network Pvt. Ltd.,http://www.allaboutoutdoor.com/upload/company/logo/midas.png,http://www.allaboutoutdoor.com/profile.php?comp=63
166,111,Minimax Ads Pvt.Ltd,http://www.allaboutoutdoor.com/upload/company/logo/Minimax-Ads.png,http://www.allaboutoutdoor.com/profile.php?comp=111
167,417,Mission Ads,http://www.allaboutoutdoor.com/upload/company/logo/mission-ads.png,http://www.allaboutoutdoor.com/profile.php?comp=417
168,327,MKL Publicity,http://www.allaboutoutdoor.com/upload/company/logo/mkl-publicity.png,http://www.allaboutoutdoor.com/profile.php?comp=327
169,401,Mohan Ads,http://www.allaboutoutdoor.com/upload/company/logo/mohan-ads.png,http://www.allaboutoutdoor.com/profile.php?comp=401
170,450,Mohan Media,http://www.allaboutoutdoor.com/upload/company/logo/mohan-media.png,http://www.allaboutoutdoor.com/profile.php?comp=450
171,128,Movement Advertising,http://www.allaboutoutdoor.com/upload/company/logo/Movement-Advertising.png,http://www.allaboutoutdoor.com/profile.php?comp=128
172,511,Movva Associates,http://www.allaboutoutdoor.com/upload/company/logo/Movva-Associates.png,http://www.allaboutoutdoor.com/profile.php?comp=511
173,456,MS Advertising,http://www.allaboutoutdoor.com/upload/company/logo/ms.png,http://www.allaboutoutdoor.com/profile.php?comp=456
174,323,Mugal Arts,http://www.allaboutoutdoor.com/upload/company/logo/mugal-arts.png,http://www.allaboutoutdoor.com/profile.php?comp=323
175,408,Mugilmedia Network,http://www.allaboutoutdoor.com/upload/company/logo/mugilmedia-network.png,http://www.allaboutoutdoor.com/profile.php?comp=408
176,135,Mukta Advertising,http://www.allaboutoutdoor.com/upload/company/logo/mukta-advertising.png,http://www.allaboutoutdoor.com/profile.php?comp=135
177,368,NAM Media,http://www.allaboutoutdoor.com/upload/company/logo/nam-media.png,http://www.allaboutoutdoor.com/profile.php?comp=368
178,357,Navi Advertising,http://www.allaboutoutdoor.com/upload/company/logo/navi-advertising.png,http://www.allaboutoutdoor.com/profile.php?comp=357
179,28,Network Media Solutions,http://www.allaboutoutdoor.com/upload/company/logo/network-media.png,http://www.allaboutoutdoor.com/profile.php?comp=28
180,524,NEWS Out of Home,http://www.allaboutoutdoor.com/upload/company/logo/news-out-of-home.png,http://www.allaboutoutdoor.com/profile.php?comp=524
181,418,Nice Ads,http://www.allaboutoutdoor.com/upload/company/logo/nice-ads.png,http://www.allaboutoutdoor.com/profile.php?comp=418
182,402,NK Outdoor,http://www.allaboutoutdoor.com/upload/company/logo/nk-outdoor.png,http://www.allaboutoutdoor.com/profile.php?comp=402
183,423,Noida Publicity,http://www.allaboutoutdoor.com/upload/company/logo/noida-publiciy.png,http://www.allaboutoutdoor.com/profile.php?comp=423
184,10,Number One Advertising and Marketing,http://www.allaboutoutdoor.com/upload/company/logo/Number-One.png,http://www.allaboutoutdoor.com/profile.php?comp=10
185,494,Om Advertising,http://www.allaboutoutdoor.com/upload/company/logo/Om-Advertising logo.png,http://www.allaboutoutdoor.com/profile.php?comp=494
186,419,Omkar Advertising Agency,http://www.allaboutoutdoor.com/upload/company/logo/omkar.png,http://www.allaboutoutdoor.com/profile.php?comp=419
187,503,Options Ads,http://www.allaboutoutdoor.com/upload/company/logo/Options-Ads.png,http://www.allaboutoutdoor.com/profile.php?comp=503
188,170,Oriental Advertising & Marketing,http://www.allaboutoutdoor.com/upload/company/logo/Oriental-Advertising.png,http://www.allaboutoutdoor.com/profile.php?comp=170
189,154,Origins Advertising (P) Ltd.,http://www.allaboutoutdoor.com/upload/company/logo/origins-advertising.png,http://www.allaboutoutdoor.com/profile.php?comp=154
190,420,Orion Advertisers,http://www.allaboutoutdoor.com/upload/company/logo/orion-advertisers.png,http://www.allaboutoutdoor.com/profile.php?comp=420
191,314,Orion Outdoors,http://www.allaboutoutdoor.com/upload/company/logo/Orion-Outdoors.png,http://www.allaboutoutdoor.com/profile.php?comp=314
192,369,Orkay Advertising,http://www.allaboutoutdoor.com/upload/company/logo/orkay-advertising.png,http://www.allaboutoutdoor.com/profile.php?comp=369
193,406,Oscar Advertising,http://www.allaboutoutdoor.com/upload/company/logo/oscar-advertising.png,http://www.allaboutoutdoor.com/profile.php?comp=406
194,2,Outdoor Communications,http://www.allaboutoutdoor.com/upload/company/logo/Outdoor-Communications.png,http://www.allaboutoutdoor.com/profile.php?comp=2
195,370,Outdoor Edge,http://www.allaboutoutdoor.com/upload/company/logo/outdoor-edge.png,http://www.allaboutoutdoor.com/profile.php?comp=370
196,443,Outreach Ads,http://www.allaboutoutdoor.com/upload/company/logo/outreach.png,http://www.allaboutoutdoor.com/profile.php?comp=443
197,199,Peedee Outdoor,http://www.allaboutoutdoor.com/upload/company/logo/Peedee-Outdoor.png,http://www.allaboutoutdoor.com/profile.php?comp=199
198,35,Pioneer Publicity,http://www.allaboutoutdoor.com/upload/company/logo/Pionner.png,http://www.allaboutoutdoor.com/profile.php?comp=35
199,46,Planet Advertising Pvt. Ltd.,http://www.allaboutoutdoor.com/upload/company/logo/planet-advertising.png,http://www.allaboutoutdoor.com/profile.php?comp=46
200,264,Planet Outdoor,http://www.allaboutoutdoor.com/upload/company/logo/,http://www.allaboutoutdoor.com/profile.php?comp=264
201,371,Podhigai Ads,http://www.allaboutoutdoor.com/upload/company/logo/podhigal-ads.png,http://www.allaboutoutdoor.com/profile.php?comp=371
202,391,Poornima Arts,http://www.allaboutoutdoor.com/upload/company/logo/poornima-arts.png,http://www.allaboutoutdoor.com/profile.php?comp=391
203,372,Popular Advertisers,http://www.allaboutoutdoor.com/upload/company/logo/popular-advertisers.png,http://www.allaboutoutdoor.com/profile.php?comp=372
204,19,Prabhatam Advertising Pvt. Ltd.,http://www.allaboutoutdoor.com/upload/company/logo/,http://www.allaboutoutdoor.com/profile.php?comp=19
205,354,Prakash Arts,http://www.allaboutoutdoor.com/upload/company/logo/prakash-arts.png,http://www.allaboutoutdoor.com/profile.php?comp=354
206,167,Prakash Publicity Service,http://www.allaboutoutdoor.com/upload/company/logo/Prakash-Publicity-Service.png,http://www.allaboutoutdoor.com/profile.php?comp=167
207,41,Pratibha Advertising Pvt. Ltd,http://www.allaboutoutdoor.com/upload/company/logo/pratibha-advertising.png,http://www.allaboutoutdoor.com/profile.php?comp=41
208,256,Praveen Publicity,http://www.allaboutoutdoor.com/upload/company/logo/praveen-publicity.png,http://www.allaboutoutdoor.com/profile.php?comp=256
209,172,Primetime Communications,http://www.allaboutoutdoor.com/upload/company/logo/Primetime-Communications.png,http://www.allaboutoutdoor.com/profile.php?comp=172
210,159,Prisma Advertiser,http://www.allaboutoutdoor.com/upload/company/logo/Prisma-Advertiser.png,http://www.allaboutoutdoor.com/profile.php?comp=159
211,92,Prithvi Outdoor Publicity LLP,http://www.allaboutoutdoor.com/upload/company/logo/prithvi.png,http://www.allaboutoutdoor.com/profile.php?comp=92
212,346,Priya Advertising,http://www.allaboutoutdoor.com/upload/company/logo/priya-advertising.png,http://www.allaboutoutdoor.com/profile.php?comp=346
213,93,Proactive In & Out Advertising Ltd.,http://www.allaboutoutdoor.com/upload/company/logo/proavtive.png,http://www.allaboutoutdoor.com/profile.php?comp=93
214,335,Publicity Wonder,http://www.allaboutoutdoor.com/upload/company/logo/publicity-wonder.png,http://www.allaboutoutdoor.com/profile.php?comp=335
215,315,Quads,http://www.allaboutoutdoor.com/upload/company/logo/quads.png,http://www.allaboutoutdoor.com/profile.php?comp=315
216,66,Quantum Outdoors,http://www.allaboutoutdoor.com/upload/company/logo/quantum.png,http://www.allaboutoutdoor.com/profile.php?comp=66
217,341,R Ventures,http://www.allaboutoutdoor.com/upload/company/logo/r-ventures.png,http://www.allaboutoutdoor.com/profile.php?comp=341
218,12,R.S.Ad Agency,http://www.allaboutoutdoor.com/upload/company/logo/RSAd-Agency.png,http://www.allaboutoutdoor.com/profile.php?comp=12
219,316,Raj Associates,http://www.allaboutoutdoor.com/upload/company/logo/raj-associates.png,http://www.allaboutoutdoor.com/profile.php?comp=316
220,358,Raj Outdoor Advertising,http://www.allaboutoutdoor.com/upload/company/logo/raj-outdoor.png,http://www.allaboutoutdoor.com/profile.php?comp=358
221,64,Rajdeep Publicity P. LTD.,http://www.allaboutoutdoor.com/upload/company/logo/rajdeep-publicity.png,http://www.allaboutoutdoor.com/profile.php?comp=64
222,424,Rajdhani,http://www.allaboutoutdoor.com/upload/company/logo/rajdhani.png,http://www.allaboutoutdoor.com/profile.php?comp=424
223,330,Ranjeet Outdoor Advertising,http://www.allaboutoutdoor.com/upload/company/logo/ranjeet.png,http://www.allaboutoutdoor.com/profile.php?comp=330
224,166,RD Associates,http://www.allaboutoutdoor.com/upload/company/logo/RD-Associates.png,http://www.allaboutoutdoor.com/profile.php?comp=166
225,412,Real Value,http://www.allaboutoutdoor.com/upload/company/logo/real-value.png,http://www.allaboutoutdoor.com/profile.php?comp=412
226,161,Reasons,http://www.allaboutoutdoor.com/upload/company/logo/Reasons.png,http://www.allaboutoutdoor.com/profile.php?comp=161
227,526,Reflection Publicity,http://www.allaboutoutdoor.com/upload/company/logo/Reflection-Publicity.png,http://www.allaboutoutdoor.com/profile.php?comp=526
228,444,Reminder Ad,http://www.allaboutoutdoor.com/upload/company/logo/reminder-ad.png,http://www.allaboutoutdoor.com/profile.php?comp=444
229,143,Reshu Advertising Pvt. Ltd,http://www.allaboutoutdoor.com/upload/company/logo/reshu.png,http://www.allaboutoutdoor.com/profile.php?comp=143
230,373,Ripple Media,http://www.allaboutoutdoor.com/upload/company/logo/ripple-media.png,http://www.allaboutoutdoor.com/profile.php?comp=373
231,130,Ronak Advertising,http://www.allaboutoutdoor.com/upload/company/logo/ronak-advertising.png,http://www.allaboutoutdoor.com/profile.php?comp=130
232,124,Roshan Publicity,http://www.allaboutoutdoor.com/upload/company/logo/roshan.png,http://www.allaboutoutdoor.com/profile.php?comp=124
233,483,Roshan Publicity,http://www.allaboutoutdoor.com/upload/company/logo/roshan-publicity.png,http://www.allaboutoutdoor.com/profile.php?comp=483
234,383,Sagardeep Advertising,http://www.allaboutoutdoor.com/upload/company/logo/sagardeep-advertising.png,http://www.allaboutoutdoor.com/profile.php?comp=383
235,431,Sai Media Ventures,http://www.allaboutoutdoor.com/upload/company/logo/sai.png,http://www.allaboutoutdoor.com/profile.php?comp=431
236,318,Saket Advertising,http://www.allaboutoutdoor.com/upload/company/logo/saket-advertising.png,http://www.allaboutoutdoor.com/profile.php?comp=318
237,173,Saloni Advertisers,http://www.allaboutoutdoor.com/upload/company/logo/Saloni-Advertisers.png,http://www.allaboutoutdoor.com/profile.php?comp=173
238,32,Sam Advertising,http://www.allaboutoutdoor.com/upload/company/logo/Sam-Advertising.png,http://www.allaboutoutdoor.com/profile.php?comp=32
239,200,Sampark Advertising,http://www.allaboutoutdoor.com/upload/company/logo/Sampark-Advertising.png,http://www.allaboutoutdoor.com/profile.php?comp=200
240,430,Sandesh Spotlight Outdoor Solutions,http://www.allaboutoutdoor.com/upload/company/logo/sandesh.png,http://www.allaboutoutdoor.com/profile.php?comp=430
241,435,Sell Ads Outdoor Advertising,http://www.allaboutoutdoor.com/upload/company/logo/sell.png,http://www.allaboutoutdoor.com/profile.php?comp=435
242,499,Sellpro Advertising,http://www.allaboutoutdoor.com/upload/company/logo/,http://www.allaboutoutdoor.com/profile.php?comp=499
243,429,Selsites Outdoor Advertising,http://www.allaboutoutdoor.com/upload/company/logo/selsites-outdoor-advertising.png,http://www.allaboutoutdoor.com/profile.php?comp=429
244,155,Selvel Advertising Pvt. Ltd.,http://www.allaboutoutdoor.com/upload/company/logo/selvel.png,http://www.allaboutoutdoor.com/profile.php?comp=155
245,477,Selvel Media Services Pvt Ltd,http://www.allaboutoutdoor.com/upload/company/logo/selvel.png,http://www.allaboutoutdoor.com/profile.php?comp=477
246,52,Shalimar Advertisers,http://www.allaboutoutdoor.com/upload/company/logo/Shalimar-Advertisers.png,http://www.allaboutoutdoor.com/profile.php?comp=52
247,324,Shankar Advertising,http://www.allaboutoutdoor.com/upload/company/logo/shankar-advertising.png,http://www.allaboutoutdoor.com/profile.php?comp=324
248,485,Shape India Outdoors,http://www.allaboutoutdoor.com/upload/company/logo/shape-india.png,http://www.allaboutoutdoor.com/profile.php?comp=485
249,333,Shapes Media,http://www.allaboutoutdoor.com/upload/company/logo/shapes-media.png,http://www.allaboutoutdoor.com/profile.php?comp=333
250,518,Sharp Publicity,http://www.allaboutoutdoor.com/upload/company/logo/Sharp-Publicity.png,http://www.allaboutoutdoor.com/profile.php?comp=518
251,39,Shashvat Advertising,http://www.allaboutoutdoor.com/upload/company/logo/shashvat.png,http://www.allaboutoutdoor.com/profile.php?comp=39
252,82,Shine Art Services Pvt. Ltd.,http://www.allaboutoutdoor.com/upload/company/logo/Shine-Art-Services.png,http://www.allaboutoutdoor.com/profile.php?comp=82
253,190,Shri Durga Publicity Service,http://www.allaboutoutdoor.com/upload/company/logo/shri-durga.png,http://www.allaboutoutdoor.com/profile.php?comp=190
254,413,Shri Samarth Advertising,http://www.allaboutoutdoor.com/upload/company/logo/samarth-advertising.png,http://www.allaboutoutdoor.com/profile.php?comp=413
255,421,Shristi Communications ,http://www.allaboutoutdoor.com/upload/company/logo/srishti.png,http://www.allaboutoutdoor.com/profile.php?comp=421
256,525,Shubham Advertising,http://www.allaboutoutdoor.com/upload/company/logo/shubham-outdoor.png,http://www.allaboutoutdoor.com/profile.php?comp=525
257,218,Shubham Creators,http://www.allaboutoutdoor.com/upload/company/logo/Shubham-Creators.png,http://www.allaboutoutdoor.com/profile.php?comp=218
258,245,Sight Pvt. Ltd.,http://www.allaboutoutdoor.com/upload/company/logo/Sight.png,http://www.allaboutoutdoor.com/profile.php?comp=245
259,150,Sigma Trade Wings,http://www.allaboutoutdoor.com/upload/company/logo/stw.png,http://www.allaboutoutdoor.com/profile.php?comp=150
260,33,Sign Age,http://www.allaboutoutdoor.com/upload/company/logo/signage.png,http://www.allaboutoutdoor.com/profile.php?comp=33
261,374,Sign Up,http://www.allaboutoutdoor.com/upload/company/logo/sign-up.png,http://www.allaboutoutdoor.com/profile.php?comp=374
262,460,Signpost India Pvt. Ltd.,http://www.allaboutoutdoor.com/upload/company/logo/signpost.png,http://www.allaboutoutdoor.com/profile.php?comp=460
263,539,Simca Advertising,http://www.allaboutoutdoor.com/upload/company/logo/989022254-95413292016.png,http://www.allaboutoutdoor.com/profile.php?comp=539
264,481,Sita Outdoor Media,http://www.allaboutoutdoor.com/upload/company/logo/sita.png,http://www.allaboutoutdoor.com/profile.php?comp=481
265,478,Site N Sign,http://www.allaboutoutdoor.com/upload/company/logo/sitensign.png,http://www.allaboutoutdoor.com/profile.php?comp=478
266,519,Sixth Element,http://www.allaboutoutdoor.com/upload/company/logo/sixthelement.png,http://www.allaboutoutdoor.com/profile.php?comp=519
267,436,Sixth Element Advertising,http://www.allaboutoutdoor.com/upload/company/logo/sixth.png,http://www.allaboutoutdoor.com/profile.php?comp=436
268,331,SK Publicity,http://www.allaboutoutdoor.com/upload/company/logo/sk-publicity.png,http://www.allaboutoutdoor.com/profile.php?comp=331
269,504,Skandha Ads,http://www.allaboutoutdoor.com/upload/company/logo/Skandha-Ads.png,http://www.allaboutoutdoor.com/profile.php?comp=504
270,533,Sky Advertising,http://www.allaboutoutdoor.com/upload/company/logo/652424785-1121111682016.png,http://www.allaboutoutdoor.com/profile.php?comp=533
271,442,Slipdisc Advertising & Events Pvt. Ltd.,http://www.allaboutoutdoor.com/upload/company/logo/slip.png,http://www.allaboutoutdoor.com/profile.php?comp=442
272,515,SLV Outdoor,http://www.allaboutoutdoor.com/upload/company/logo/SLV-Outdoor.png,http://www.allaboutoutdoor.com/profile.php?comp=515
273,381,Sonal Advertising,http://www.allaboutoutdoor.com/upload/company/logo/sonal-advertising.png,http://www.allaboutoutdoor.com/profile.php?comp=381
274,445,SP Enterprise,http://www.allaboutoutdoor.com/upload/company/logo/sp-enterprise.png,http://www.allaboutoutdoor.com/profile.php?comp=445
275,85,Sporting & Outdoor Solutions Pvt. Ltd.,http://www.allaboutoutdoor.com/upload/company/logo/SOS.png,http://www.allaboutoutdoor.com/profile.php?comp=85
276,522,Spot Ad Media,http://www.allaboutoutdoor.com/upload/company/logo/Spot-Ad-Media.png,http://www.allaboutoutdoor.com/profile.php?comp=522
277,475,Square Outdoor Services,http://www.allaboutoutdoor.com/upload/company/logo/sos.png,http://www.allaboutoutdoor.com/profile.php?comp=475
278,399,Sri JVM Publicity,http://www.allaboutoutdoor.com/upload/company/logo/jvm-publicity.png,http://www.allaboutoutdoor.com/profile.php?comp=399
279,389,Srikaran Advertisers,http://www.allaboutoutdoor.com/upload/company/logo/srikaran-advertisers.png,http://www.allaboutoutdoor.com/profile.php?comp=389
280,517,Srushti Advertising,http://www.allaboutoutdoor.com/upload/company/logo/Srushti-adv.png,http://www.allaboutoutdoor.com/profile.php?comp=517
281,425,SS Ads,http://www.allaboutoutdoor.com/upload/company/logo/ss-ads.png,http://www.allaboutoutdoor.com/profile.php?comp=425
282,407,SS Advertisers,http://www.allaboutoutdoor.com/upload/company/logo/ss-advertisers.png,http://www.allaboutoutdoor.com/profile.php?comp=407
283,403,SSI Media,http://www.allaboutoutdoor.com/upload/company/logo/ssi-media.png,http://www.allaboutoutdoor.com/profile.php?comp=403
284,347,Sun outdoors,http://www.allaboutoutdoor.com/upload/company/logo/sun-outdoor.png,http://www.allaboutoutdoor.com/profile.php?comp=347
285,414,Sun Publicity,http://www.allaboutoutdoor.com/upload/company/logo/sun-publicity.png,http://www.allaboutoutdoor.com/profile.php?comp=414
286,255,Super Publicity Service,http://www.allaboutoutdoor.com/upload/company/logo/Super-Publicity-Service.png,http://www.allaboutoutdoor.com/profile.php?comp=255
287,520,Supra Publicity,http://www.allaboutoutdoor.com/upload/company/logo/Supra-Publicity-Pvt-Ltd.png,http://www.allaboutoutdoor.com/profile.php?comp=520
288,239,Surya Ads,http://www.allaboutoutdoor.com/upload/company/logo/Surya-ads.png,http://www.allaboutoutdoor.com/profile.php?comp=239
289,437,Surya Advertisers,http://www.allaboutoutdoor.com/upload/company/logo/surya.png,http://www.allaboutoutdoor.com/profile.php?comp=437
290,516,Swaraj outdoor,http://www.allaboutoutdoor.com/upload/company/logo/Swaraj-outdoor.png,http://www.allaboutoutdoor.com/profile.php?comp=516
291,129,Symbiosis Advertising,http://www.allaboutoutdoor.com/upload/company/logo/symbosis.png,http://www.allaboutoutdoor.com/profile.php?comp=129
292,321,Taj Advertising,http://www.allaboutoutdoor.com/upload/company/logo/Taj-advertising.png,http://www.allaboutoutdoor.com/profile.php?comp=321
293,243,Taksh Media,http://www.allaboutoutdoor.com/upload/company/logo/taksh-media.png,http://www.allaboutoutdoor.com/profile.php?comp=243
294,322,Tanya Advertising,http://www.allaboutoutdoor.com/upload/company/logo/Tanya-advertising.png,http://www.allaboutoutdoor.com/profile.php?comp=322
295,382,Target Media Solutions,http://www.allaboutoutdoor.com/upload/company/logo/target-media-solutios.png,http://www.allaboutoutdoor.com/profile.php?comp=382
296,523,The Creation Ad,http://www.allaboutoutdoor.com/upload/company/logo/The-Creation-Ad.png,http://www.allaboutoutdoor.com/profile.php?comp=523
297,404,Times Ads,http://www.allaboutoutdoor.com/upload/company/logo/times-ads.png,http://www.allaboutoutdoor.com/profile.php?comp=404
298,23,Times OOH Media,http://www.allaboutoutdoor.com/upload/company/logo/1083696349-53628192016.png,http://www.allaboutoutdoor.com/profile.php?comp=23
299,325,Tirupati Publicity,http://www.allaboutoutdoor.com/upload/company/logo/Tirupati-Publicity.png,http://www.allaboutoutdoor.com/profile.php?comp=325
300,434,Today Media,http://www.allaboutoutdoor.com/upload/company/logo/today-media.png,http://www.allaboutoutdoor.com/profile.php?comp=434
301,459,Torent Advertisers,http://www.allaboutoutdoor.com/upload/company/logo/torrent-advertisers.png,http://www.allaboutoutdoor.com/profile.php?comp=459
302,74,Tycoon Group,http://www.allaboutoutdoor.com/upload/company/logo/tycoon-group.png,http://www.allaboutoutdoor.com/profile.php?comp=74
303,355,UNI ADS Limited,http://www.allaboutoutdoor.com/upload/company/logo/uni-ads.png,http://www.allaboutoutdoor.com/profile.php?comp=355
304,386,Uni Advertising,http://www.allaboutoutdoor.com/upload/company/logo/uni-advertising.png,http://www.allaboutoutdoor.com/profile.php?comp=386
305,311,Unison Advertising Pvt. Ltd.,http://www.allaboutoutdoor.com/upload/company/logo/unison.png,http://www.allaboutoutdoor.com/profile.php?comp=311
306,461,Upendra Publicity,http://www.allaboutoutdoor.com/upload/company/logo/upendra.png,http://www.allaboutoutdoor.com/profile.php?comp=461
307,531,Uprise,http://www.allaboutoutdoor.com/upload/company/logo/1164189572-1139521082016.png,http://www.allaboutoutdoor.com/profile.php?comp=531
308,521,Vani Advertising,http://www.allaboutoutdoor.com/upload/company/logo/Vani-Advertising.png,http://www.allaboutoutdoor.com/profile.php?comp=521
309,147,Vanshika Advertising,http://www.allaboutoutdoor.com/upload/company/logo/vanshika.png,http://www.allaboutoutdoor.com/profile.php?comp=147
310,91,Vantage Advertising Pvt. Ltd.,http://www.allaboutoutdoor.com/upload/company/logo/Vantage.png,http://www.allaboutoutdoor.com/profile.php?comp=91
311,405,Vas Media,http://www.allaboutoutdoor.com/upload/company/logo/vas-media.png,http://www.allaboutoutdoor.com/profile.php?comp=405
312,348,Venus Publicity,http://www.allaboutoutdoor.com/upload/company/logo/venus.png,http://www.allaboutoutdoor.com/profile.php?comp=348
313,326,Vertex Outdoors,http://www.allaboutoutdoor.com/upload/company/logo/vertex-outdoors.png,http://www.allaboutoutdoor.com/profile.php?comp=326
314,426,Vibrant Media,http://www.allaboutoutdoor.com/upload/company/logo/vibrant-outdoor.png,http://www.allaboutoutdoor.com/profile.php?comp=426
315,529,View Finder,http://www.allaboutoutdoor.com/upload/company/logo/1694637668-1118141082016.png,http://www.allaboutoutdoor.com/profile.php?comp=529
316,375,Vijaya Advertising,http://www.allaboutoutdoor.com/upload/company/logo/vijaya-group.png,http://www.allaboutoutdoor.com/profile.php?comp=375
317,349,Vikas Publicity,http://www.allaboutoutdoor.com/upload/company/logo/vikas-publicity.png,http://www.allaboutoutdoor.com/profile.php?comp=349
318,482,Vikram Enterprises,http://www.allaboutoutdoor.com/upload/company/logo/ms.png,http://www.allaboutoutdoor.com/profile.php?comp=482
319,473,Vimal Advertisers,http://www.allaboutoutdoor.com/upload/company/logo/vimal.png,http://www.allaboutoutdoor.com/profile.php?comp=473
320,479,Vision Advertiser,http://www.allaboutoutdoor.com/upload/company/logo/vision-advertiser.png,http://www.allaboutoutdoor.com/profile.php?comp=479
321,334,Vision Outdoor Advertising Company,http://www.allaboutoutdoor.com/upload/company/logo/vision-outdoor.png,http://www.allaboutoutdoor.com/profile.php?comp=334
322,439,Wee R Outdoor,http://www.allaboutoutdoor.com/upload/company/logo/weer.png,http://www.allaboutoutdoor.com/profile.php?comp=439
